0x0a9EA27f444F5bD3E7221758a28a9529c4dA1FFd,1
0x8e21018bC0a8fD2c6E01c960Adb816068974E7E4,1
0x500031Df81d8BdF757E3D21cc1a396212264E488,1
0x717513FAFABb96671b79F69F2804AaFbe1156513,1
0x93d7c99c3ae0b01890822a967ab09ac3a0a12499,1
0x3a3d1C5aA259541603B96beAe85aD02CE8855FF8,1
0x6f425b2e318B3eCe59D9a2d1Dd3EFbc76E5E2613,1
0xd20F2f5Ae589C9D0cF0d5DD9db6bB4240764d822,1
0x3f7B254e3319CCE10858D3bb422317Cb9B72FD4E,1
0x3F2A7b4D6F035992F2c9d80205b08077E4468fD3,1
0xDf32738691A1B5e7b22013003EE6712B6ddDA638,1
0x44C0551dEb02F75189C7c4075B58212cFb108F2D,1
0x3f057a095378057e38b4da8A3FD356f9B913cE71,1
0xf419afDb8EB63b740075cc1465FcB579ADcF1068,1
0x7dEa4A14e9caF08FE177cEFF69f7e201Eba8A493,1
0x34D8411D512F1c14F6412dF8d11DD04A0eabd90E,1
0xd25A88c0D63a0c74c55d25AAF486911f82F1e491,1
0x5F6d396c6Ca494a62Dd5baA01D0D759329f07F55,1
0x7e155682Fb3451989eeF760dC31007b74c2aE9b2,1
0x71e93dF4E842bc3C7E50Dd6d859d260553E5B391,1
0x81cFaE05b2F9bf9E9d5340739D729C30B074cB34,1
0xf987b6630B7e1CfDce731eBa27432249aec89736,1
0x4be35b3c23AdF092d571AE020103349E8a648006,1
0x2E2B544c79270908E50932F1BEb8d5dB466327bd,1
0xeE939Ae4bbf7c2ae5A0e4634Bffb22040a8E6780,1
0xef3b5d2C2BEB4a8CF80B01A96f1978FFf5f8390e,1
0x63D37D8a5bc5DDE11b1Dd7F8eca3721C48d0e2fD,1
0xd679B8B2959B16A908ebc3097357ecb435baE1E6,1
0x3951a31A378F84Bd520753709C136F70539c8C89,1
0x9DF5F99bE92A0eF36844a56c9aaFE0d6826d6Ac4,1
0x1739F03bC43Df5C5aB7b9f67B96eD650ae438230,1
0xCc6136Ab78cf427c553A679020540C84Bd8702c3,1
0x2ceC67671Bf6E80070DABeE01A8c7BF4E3c7815f,1
0xFaD1f4406e4e9a5780cD893e2d5f72309f412485,1
0x72f3814ba97Cab956c217F1C47F7b88439C0D4BB,1
0xfe0D197D2eA132C251BB27BcD1E561Cf84403658,1
0xb8326E15106b58188993FbA720CA5ED1F7CF2a17,1
0x01943C54f4c17AeF6EA660C74eECCd046994294e,1
0xc81791B4269C9A856C6546fb63C496DB47C14fEe,1
0xAF63Cdf78835666049e1bB9B94366927f4D98231,1
0x0F8b419c56E21Ef02fCBaE37ae3B65E017303e09,1
0xfcC9521DEA251249dbB6663A8CF10493743513CE,1
0xE1c0A91D7713F6e3c06990c1f6c98f822B1799a1,1
0xfAf771059f554f01C959aaCefe474690b2c240c5,1
0xD2577eF71f55Ee207F7CF0fe4530E11075D2Cc8e,1
0xC57A4D6ceDBf6c258Db1A4A8D48D2Cba2996AAE0,1
0x0A86f6e55175C4886f2190e78Eb3b34dF681Ca85,1
0x9c43E6fA09642759b88Bc504c2cb093365678716,1
0xEAA439100Bebd26D993847a0566c6A2f2B6B0715,1
0xc76DC3f6e38c4DcC45476201538dAF2d7C6ab664,1
0x5c09347C2006ae8B7bB72A59DefCf696D91405fD,1
0xB1Fb1EBe219435A400CC94F2E9CFBa7B01C38EBf,1
0x5FB14F7199756E769dfab2dCaf487dD839cAac60,1
0x046f7c7b2b5b6f07173f31F6E56c4E358C368bd0,1
0xD97557bfd0B99d508d1030C4637d8Becee28c110,1
0xe49C18976Bc6971c2C1f15ADfe522664ae53aE08,1
0xe2ee70F2ad921b25E22e263A71f32dEFCB83d453,1
0x5Ac3524514Be584adAB7F023698Fb2FC0deb9e03,1
0x2166eFa4b7997836BE507294A8318Cf6e635043f,1
0xeaa35e0D584868b712BEb5D974abe4c4F6f75BF1,1
0x6dA5705c30bD3CF9442a3184fBE91764B456d8DD,1
0x959265Ee71F7D88cA53f695af6E30ae02C2c3aA9     ,1
0x077702Aa11EedCaED4799B7b67B11004E5cc45eF,1
0x21155fCAbe4BE7586A688826aa74056E7303F57c,1
0x8a8C10b38F731bBD92aA2d1d3922c2E71dcF1853,1
0x3797e3F9668D2FA332BFfdf5845a834b3e5D58b1,1
0xd48A591e78DdbE8369eFC595758fE5A9c8a13d1D,1
0x9443306576dA024f1E86Ea9786e83781253f0256,1
0x3950758e7E2218670c40dc2b0781A1C66f20e628,1
0xCAe7A500E0468374eEF7D8b89cb04bA2db517369,1
0x6817A8abECf05E4D89eF3A6571c9DA90E0d0ebfc,1
0xc76e9ACfFDd19466197DFfBCa72C3F24B823aF72,1
0x9809d6D891C55dADB7aAf505F17ccf46bd44E0c4,1
0x66523a9767455A4B35A5b17605C8ab15F9AB279D,1
0xaBF179D459e4473D6A8Fb8135DA2635F00675BFA,1
0x599859846cA6b1086f46e30d0e3A0928f1c32314,1
0xE55a1c3c3F0252F6afBE18796f9a632d78aDdc73,1
0xfa94C62B2F869f05Ac5Eb7eBf8BF75f9ac7e9972,1
0xF1035444D37f51f44A3769639b951ED7c80b808E,1
0x210F915aa6f64C320191EEEd9FFa12A03f732902,1
0xa13f78db2db79c5accabf09110ca81ea853598aa,1
0x4941d64bcaeb2387e350667e1171341c01cd00b6,1
0x54c628a6990f0b2f3046a3ceace6eab1e2cbe04b,1
0x3B8924F52Ce8091Bf48966Cc987ceF0eBa03b115,1
0x7ab696825a44E8c2909D201a438A5F2B82834997,1
0x1eFd4DA19e049A0B3aA8eA202fD86dDcB824885b,1
0x0a1f811d976a12794466b76d2c3238c010f39420,1
0x5e2e6968CAa4a4584A78b9fe85Cc50D4d41ed086,1
0xdb5c42efcfa27c95a867f460113e3335e33f8c3d,1
0x27ff005D7d00e2ceBB424a7AbAe94F4C3a184812,1
0xA4C145f31e26F376f7AdCCc50dE89b67F2cbEd1c,1
0xBD380e58e01631fd6aAbb54EE7B18EAa4BBD5Fcc,1
0x17ecAEDC4448cD6304404A1e8A8C78688C90aCEE,1
0x3a0272b2Ab74f9E3504464aae85ab6D68F834F99,1
0xB0C91D08919B3E6634b98B7A6495b06e37bE33f0,1
0xd70CD047083B5Ea074a410D584Eb8204425B2c2f,1
0x7065b1f84f7b96c270d1beb9470222a525353ddb,1
0x20676fd4573668316b201D129a137dC8d75b6F73,1
0x1E4709812E71CE92364cFE4B4E170D3350842268,1
0xf32613c70A5519d1AB749f943F74E0AFc8cD275d,1
0x794e514daFfC630B615E00F0834D687C73272d81,1
0x42330D23e287460d93f7dE9756789507CF6e80aB,1
0x813F0A1bF690772a607fD00e699f57A4c0c2c7be,1
0x0618684579befE149609ec2FbF909d2b11bD6eE1,1
0x56E82c6d7b013399c2F7069B7F4FB33964737122,1
0x134aE4a3F6bd060a88D4B7028085f2Cf840b9736,1
0xA9960583A629D1Cc78416dD0f8CBE42d3a5555a5,1
0xb4ACA3dDfB15F6cfFb51f078C333f7a1C3103102,1
0xCd7523c04222ff1d2d92bD5dF3a38d6414E2549e,1
0x405655b31804215Ba49876502be1131aA2B0E763,1
0x8d8E3a16e9a9D33f1E130aea3F71a055D9F448fe,1
0x9e5092854682acff902131065d027325035e1619,1
0x426a8cd87de6406a01519f2588aa3643cf228fc7,1
0xa4d0a3fc78a680a73cd1a685576de29ac7a13f28,1
0x1aac4500ae28bdd325cbf38094efe99d7bee48d7,1
0x9a976726dab985a99b3c13710be7d601832542ef,1
0x118ce6448339baaf86841fee7ba674e01b2856d5,1
0xbb77bd75274b1d181b67336cce4beae3c3b4135f,1
0x8b601239f041a76901a7ef89da7f8da44f73175d,1
0x5647904c575a17c6cb4814450cdaf24a35eb490d,1
0xa5c515d8e2ff6b54de12c5fa5f0bb64d341b7f56,1
0xbb96d7e9ca09288e7cd79942812cfdad765d4999,1
0x8460c4b782acc844da07e169e06e9a4fb19da0f5,1
0x040435720f4736f1c817064e6313fc1103b1b2bd,1
0x6c88392c86e0364bea609b0615dcdb7731ee4fc0,1
0xd2ee8ad12bb7a57aebbfe5a2aa7812e63c904eef,1
0xddc21a14736b08847b3de52105df15690d3a252e,1
0xcf0a36dec06e90263288100c11cf69828338e826,1
0x730166a400b74efaf718b87edbe3301e79547b4c,1
0xd1566c24c03b4d9b17591f980d1bc9601ddbfdbd,1
0x902cf57e2f078ce4875de8b274ec4c9eb9d21808,1
0xcbbdf6dda3cbe9bfde135edf9f3b72f38bead4b9,1
0x1d9f39b9774cc0437326f3f60a9fa2e94bdd08c2,1
0x8565f02882b929666ad76616584b7df7655a63ff,1
0x75c961149831d443750e73f00f3d2d1277b55e9e,1
0xd2c0d91c04d342c6abeb27d0889c77c118de06b6,1
0x4e8882fe9492119e2bab8444e80502a2cef359bc,1
0xfe09712a04f1ea995c7be367933a06e68d010416,1
0x3d53a025e74d689cd196f5689b4e488957e7e56d,1
0x6bd5b4ce070bffbb8fa9d138df171aaef724f8ee,1
0xa3f9bb20d0837cbdf102c76ea2454b2484b1ba8e,1
0xa17b91bddce741528fddf8e5738a767b3053ac18,1
0xea16545cf2e4c30b38b156cda0972be63ce71d50,1
0xb655a0ffe8bb932dbc1af3dd9ff97119f57b18c8,1
0xeaa32b3bae86aefcc1c7577cc3e555d72ca75fdc,1
0x3b81044ed9b9253d449c86fe826f46ad25f4447d,1
0x3484c9da57768d0c658767da1e19ed6be8a3478d,1
0x3b0e45ff406c28624aa4013a414e48afffa00a7e,1
0x4fc851a7ef45dbeec07739c55f43671919312d40,1
0xb55cff9d4cd050282c3fa4eea3f3a6e282854dc9,1
0x7d0215f8aa50b15fa8245bc9526cba32d12d07bf,1
0x92f96895cc17ef0532817b63abce4cf379b02986,1
0x0eaa54bf0d0b0a1b28c082fb7f598c9e5e16c94f,1
0x859bc5fe903dfe749fe3331512ff7297d2e924f3,1
0x9f29fa8c48c15adfc10c5e189ce5fe3eb4b05723,1
0x8109ac9d7d04fc03f0af99e484070994fc5b631c,1
0x73b4d1f501f0f3969b8145e7c21a6ce1395bedff,1
0xee2a05377f462ba2204eaf459ae69627d14f941b,1
0x640fb746f95a4ff9ca55b5c428075de191f22fb6,1
0xf3bcd091e6248272556289c422924a8f8a69b4f2,1
0xc7a00c4536615962da83f6e680d57979bbd952ed,1
0x3298c904942c9b23a66dbacb3b3f21cf64d11f40,1
0x835d1d448fcfc20deb75341b03b9d60d6da3d1b0,1
0x8c7519af38d3be6fa328b28a25066f8f214231f2,1
0xaaa4354f58e026c0699d1410ded5bb59962cbe57,1
0x1f682abce87455abf73ad7d4af3dd0fb68c35dda,1
0xbabb423a795f216fcc8950fdd9facab9e4b0d706,1
0x265f55e43850e7d21ad174243509d1adb8535be9,1
0x054f7d23e621503036ba8ca7004ca20c29b6c9a1,1
0xf770f371cc66499a89ae56aa84f9506e083f99ea,1
0xb338c6ef3fe4cbe4439f2cbc4bbd278d30ea0722,1
0x01293511904b41f484f7ec76f36dfad21df34457,1
0x8195bbda4a85ef0a3f79cc40280b5980a6642bca,1
0x298eec00d3f3d262de5efd7652f3ac3a201dde86,1
0xe8a4ad98390c1d4129c6e7f769e870163176e35a,1
0xcac88c05aca7456faca8a4f0a472ed00a2136d9e,1
0xd8c3e74a34417761230498e47967284e5982a0bf,1
0xf4b03f6bf1c7d529194410dc3d0775a1d7bff09b,1
0x732c303983351c9a5cf7d80acda57321dadfab7d,1
0x39424a9c27d44c5d2207c1a9ade27d42fb114e1f,1
0xa72e756c91262c7bbe417dab6d65d2be28b1dc34,1
0x4a401ee7fef089cd20d183fe2510d7bd38294728,1
0xe97cf352798a42f3747be979fcbd75e48c02c19f,1
0x832efd3d0221c57641b616b999712a24282a39c6,1
0xd5a23c7ffcaadab250b40292e6d3c1c0074ac89b,1
0xf861911cf7d13d21e2be9380a60ac29acf525bd6,1
0x18eec6451070b487933000185f986e8d3be68195,1
0x6909e31e2dbf9b1140dca85acb77224b59258a9f,1
0x2d6e2e9c156a5ffed2b8f4ecfe56e40dd7a71af2,1
0xe98b6b0575b376ce1a45abb33b9fba1d7ea3b194,1
0x9db721bd06c1ebda47d8caf70c83f6c41add0ff4,1
0x0eb0ddfb4350bae7435acd27504926204235a9de,1
0xc48ab658f278e191597dc63a5bc8ca30343e430f,1
0x78d854ddaee892135e9ce703afa5cf808244b6df,1
0x724a595774d94c43b5c0dc4226d66b585bb6458c,1
0x976dd72aa2dc3a5866b8d99340f5571f3945eda1,1
0xc07be0f543ad5c51b8b7f2de68e9ac244b32e0a1,1
0xfebb4bbb69639af4dd4c21b8bc450e2f349c34ac,1
0xa293bc3c571403a52830677312ee51974d1f8ab9,1
0x2529f85b798dd0e27e8c1af861584eb81add5c40,1
0x522729dce8366a05bca425de020f265e787fa612,1
0x5a0bc71fa6010b1789a18b7486417b2ddff1f48c,1
0x70cd1e5abd2714ce7abc3a4cfe82700c203c9bb4,1
0x9ae2dbdd92d6ec19d1c6fccbdf11b7af6330627b,1
0x555187752ef6d73758862b5d364aab362c996d0e,1
0x94c6cd47cf7fa8a9e3fbcbad2ddc889be321abf6,1
0x11d67fa925877813b744abc0917900c2b1d6eb81,1
0xfeaa26bbaff9aa40ea84bcd8b56e74938dfdf48c,1
0x67abe257d63d1a46c838adac2e43bb93cf42ee8f,1
0xb488b8ab00cecf0b37d127a1c905a84bd99445ee,1
0x2f054d822a80f7387998c4de552ec758b949295d,1
0x5a5a338eb7f5baf9b3ff72ce57424deecf23e154,1
0xdcac85ecae7148886029c20e661d848a4de99ce2,1
0x7f3d2fcb1d78872135ea9585b354c49b63092110,1
0x1b3d38557dfca3076fbd7fa2260257267ace9948,1
0x45bafad54b4491f0f0041614304376c95bff9082,1
0x948dc6d2e18e8493d2cae15d1962e7512d9393c3,1
0x4e2c46063b4aadcb24adf784172db6f043a77d95,1
0x43bbe31ae150f8c6089e61e448dccc71eb15f1d0,1
0xd19f56d570b9628b99ec9843a48b9526f6f91ecb,1
0x78a0c6f6198ddd8bd1c72e6e52e2ed1c12eb3b93,1
0x6d4e7f472e6a491b98cbeed327417e310ae8ce48,1
0x45a893f1ec6f9edcf617ff3836507c560103c90a,1
0xcad9bbda5aae4b3621678d295ace4ffec9860d19,1
0x1a51d0abb33d2a06c93b448528349e4c7fc6fba5,1
0x0c2ac7faabeae05b6ca11a89b5fc22d42495828b,1
0x382d3a899d1c26bfde9aabbe4f84811d6a8443de,1
0xae786447080e2a52a3c212ac196e1c43b9d6d7a0,1
0x69266bfa1836c012b012d544b085f77a373fa41a,1
0x2da1a792c2c69871a89f0305cfebcbe0ab551cfd,1
0x93da7e583978e43acd605014aa33aaf772261e3f,1
0x09b57c3f9db5e61ced66dca927ec2e2b34f1b6fb,1
0xee6ab1a5e815612bd4e972104310465b410f62b4,1
0xce655486c6da0e46219efb09d653d3362733a302,1
0x406cbfc2d391bed42078138165465128b4e0cb06,1
0xd7fe547e4862d31a177f27752c6ccc55560b1910,1
0x0facac3bd128fe6d799898a059d3634b877c7a0a,1
0x1ff8e216b1044222059dc532f4e870d3460cf420,1
0x4d959e1442b0880123b5d78679b965357bcc663b,1
0x54e0644ac92fb4df4e684b95321f7a60897b167b,1
0x8de0a9af619a9099d623ada555c84a84551fd578,1
0x0b3201ee830a30cb8c33351daf6389d14f694c8c,1
0x7688b399c3237d098be4688d222d586ab5236451,1
0x347ab2e403710583ade28ef0871e73581599c8c8,1
0x8949dddf6844886d449f4bc5297019a657ed1313,1
0x2afe745dfd735e24aae8ac39969140dd0511496b,1
0xc9433e7988b7bd4ed1e0a8efb226bc2e61bf6bfa,1
0x1a70dec69bd48dfb8d271d701a92cd7387e63eb8,1
0x0c827517dfe7feb192396a565b76b34d122e4de0,1
0xbfb849931dc8cfa08a690c435fb4e4f47906ec8d,1
0x6f59e5e7cea55dc812f32434727e494307e054a9,1
0x77113e553086f94458b366619040ed329cb4c28c,1
0xeae36071f78aa34ae7b536d0d7eb28d8224d7775,1
0x022e3ce4eda264b3e3fef62036c8182ceb88e6ce,1
0x7f8b8d1a384d4d2d8bf020c5f51178cac0f772ca,1
0x633ba3aa364135d87bfd16ab6be98b4a1bad750e,1
0x9d45cee2b2a0b4ecc66ce12d8763d286b3fa91eb,1
0xaf0fdd39e5d92499b0ed9f68693da99c0ec1e92e,1
0xaed19771ec361159bf3ecc31366f33ce410043af,1
0xa87a0be15a8507e0e652f80b0f898301c9a7906d,1
0x28f2bb7a7b11366e215216b6b130f32543bee84c,1
0xec70316567b83ef52713edaa2610e370364a2e8f,1
0x6e5a8073987ac4dca2cd2594f16b36618f30e410,1
0x40089310292c1fbcd9e25942c01e446c515b167c,1
0x0c29bcec93af225ff7687684242b3c69efa1e00f,1
0xc78f3595325b6a786f383bf315549b785874647e,1
0x48103883d7ae515a2006808197d2eb6d2c2a4976,1
0xeddb59b4dd2d335dc279a6f55c0c5acd7cc950f1,1
0xbfebddbafa49a448f2df2cb47e21d8d1c9de7c6c,1
0xf7d09e599d33767621b91606793dfd97baa25452,1
0xc8afbcb940d83cb84bbc094de724e760446feb32,1
0x5e0ad9c6a1810b6b6c839c3bb71c755a3a29c49f,1
0x1d293a67d4aa4882695a655592c11e24d12d9e90,1
0xdbac1ecdf44f2e214cf4737f349b42a8149b0054,1
0x351818754da79ca479c5a0aba7c9482ac8d955d9,1
0x555a97609ea12c6c10cd66468b53da42788485d0,1
0x88b2448328f4335ad2a8cac06485c378ebe66fe3,1
0xe9107e9b96340b6cf52bd095cf6980dcce21c360,1
0x5c4a51b415a5fad03f8d316e9593ad3dfe647ccc,1
0xf4e03e11a107bfb20b709694743affe9cce9fed8,1
0xe872dabec80e180123766946b323db35f62ec1b5,1
0x66cf92077ed3c84c84c0e1e559cedf0d8ec1930e,1
0xa6e8fee68b46f3df678316f02a4cb287a6bd1331,1
0xf1497513e304a93f995c2ad5f1a2def2eb18d8f5,1
0x5bf5978078c92195b4ce3f2d1a6ca8ce7463cc33,1
0x0a5fdeb50ca4be72322bdc2f24785f56dbdaf644,1
0x2d9a600191914552e9095cbd4854635a5cf9afc4,1
0x4a95b86a8bd451534117d07672fa51fa89b9615b,1
0x512e1d1d3d17eea0a87ab9de07a2316466ea6a75,1
0x3371a86f4e4c3c5a43d3efcb5532ba86d9dc69ab,1
0x75f89cd717d44f768cf9bab9936b64f683d3ed63,1
0xc8160b24922664d9b3cf7f0acbc149dc33917d15,1
0x115dabb02ef62eb16e75e58762f9f73489fe5291,1
0x535faa541252d9650f1f8a8bbd88709fb8b55a1b,1
0x67ce2b979ee9615cdf634e6043ac3097595ce8d9,1
0xcaa49e806a0ed667dd6d77061f81592e95e12c97,1
0x89468c809f87e3748488a241839b4b22bfe94bdd,1
0x50a44bcbf3b3e2ec222be8484f000a23bf441c60,1
0xfc3bbb6832f452584841b668434170a83e77c50d,1
0x8fffa63334042de1c0bed6ed0afb405c7749bfd4,1
0x4952773a2a1cc85c7266ca951c50f2b4f9a2cf06,1
0x4c0f0ea5083bf9ec4ee2128498238ec8dcfb979e,1
0x8607a7d180de23645db594d90621d837749408d5,1
0xf43a34220cc930b573554d5e1454d5c8d7ca8872,1
0xc95f8ce71cdca3b34b1eed8de63124babe3a9bc6,1
0x1b9921b6614b001144c11f8ca8bbd1b307d59562,1
0x48a4246bb404cebb1d293d2ecb1a0488662d757e,1
0x764d294db4e637e0c8e93ee8c9b533e5fd822370,1
0x61721d21b4a365ed40d05d5760a7349e2df92736,1
0x280da21bdfb082ea9e7cc24a7d454070d41a3313,1
0x357ee6f4c002b857fccba0f8d2e271e5a6a44c75,1
0x927ed8e5bec3662d9aece501d525e12c73bf591e,1
0x88857a740ec90bd0309177caff0f8b1d59611dc8,1
0xf75ab164f939e9daf32ea628ace0de72077f1e37,1
0x8da1b2574e4ff9fe7a20249ca2cb27007e0e26ae,1
0xbbfd8f29f9c7f7119858d9ec7f4bb896182b7d69,1
0xff486946dfe8d0cd30c3b37eb383ba2a38223067,1
0xfd3582d8e9ea67a739380e2f5da2fdd265e1b08a,1
0x55f1fc00cab60de906ed428501578b4bd4b3a020,1
0xfd1e31c7469ca4041bed2d0cd7c5d5d50e28c515,1
0x5a91bb98c186601b9c5ce46378d72e29194aa68d,1
0xb1ec7febea4f841d525785955b7fe0e812d6e86a,1
0xbf8802002d394f6f53d1c5a5cc500fd8dfa3b7c8,1
0x202486b34776b26b474aedb348658aaab5d2dff4,1
0xacc8b08359f6bf6a5a4a2eda056ade309cc0c716,1
0xbdfa4f4492dd7b7cf211209c4791af8d52bf5c50,1
0x2222222222222222222222222222222222222222,1
0x36715f6408819492c27c1a1538156af9a2bfe963,1
0x4fd5696142fcfb346dd084a19fc28ff6e4a9fca3,1
0xac7cb1a684bac04010357888b55c29d40f1c8e85,1
0x5378e749d3c7f7507bb6cd40d4b4a4e806e5af35,1
0xefd3ab65915e35105caa462442c9ecc1346728df,1
0x491e9e18d4527b8c48be2157290ccbea751048e6,1
0x407c2ec4ce9ca1f91b607033602d0c1bed68a25f,1
0xe900e27b0b387a543c3cef79c1d9068c359b6217,1
0x06b57a8c498030607d584e5e3e136e577d37b392,1
0x112e0cf6b42d44f3f47475b11523118ec0c9b2e7,1
0x362a49d82d0b1913b76e98646b57081a1e5bacd6,1
0x9065ab711a807fade45e76c9417519d96ed03d7e,1
0x844de37319b03b58cb092ae3d6b6d06eff1cdd8c,1
0x3927af597c09774f91ef84bf765ded4109e9f8ea,1
0x40344fd93ab662ad448a9bddddc0e982666741c8,1
0x5491a197414f2ceade46a0c554a2bee307ab76e1,1
0x2a45992d029b667089f40447004dec6709d257f6,1
0x94305b874bea2a434e8ec6c025f08c2631a9544c,1
0x305725b16bacf71d5f2261ec431e482eee20a370,1
0x8dbc3a9d127cf81cc813dda93ad7f4c76cc1e569,1
0x73c4fd71af529d70c057f8bb081d808b902392b1,1
0x7caf8dfbb69da124d711b30017ebe3e89d19fdde,1
0x25426b7cd7250427022c707ebb5ec5095fc2290a,1
0xded1367bd4589c4f905f9fdb4461404cb2740e6c,1
0xf8f3160d4d85c92cdf5fd59846923465cc1f2671,1
0xda6067c221863e346d682054a1a5aa8e569e5367,1
0x8e3e659fc35f7792684108157565588d0594b938,1
0x1f4c26b9133817e0788a5ae176ded6d4456dfc89,1
0x876c54b73fd109bc7273cb3edfd4838d18573371,1
0x0c60ff4329092bc36018823404ad459605911210,1
0x4c6062eda9d53d749e6e1ab1676b27aa5730c03f,1
0x773807586da7b0d32a4ee1d39683e2b02b14c002,1
0x8a96ec00bdaa40fb55a4ad887410f0d496124e96,1
0xf132e3a5a035eae03018ebf154ff5ca65f8a2877,1
0xebdedace94c04b4efc0971a3f532fbf38b9e5751,1
0x9ab1c356e6af86361446497fce954b3cdf940206,1
0x44e87a07f39b56a95de718186a304643cf7cf480,1
0x7305897e8c712e94b719773b3b283398ed0a5c80,1
0x60d12ab487fa117f472abaff4b2b0d676c3a4c9a,1
0xd1abe5db14d073883f2084c2af105652102bdefc,1
0x000000000000000000000000000000000000dead,1
0xf97ad6704baec104d00b88e0c157e2b7b3a1ddd1,1
0xdd76e0aa6e36c741ea1c812d6466f483488d2675,1
0xc43358e9644f279d17bb04b3008e5558f6fd2a8a,1
0xf63a2aa1c638e6f2d5771c13bdb82da59412fcbb,1
0x8d233f58c083380a8c5d1a9eb8fca4a403c863fe,1
0x77fa904ad309759ce8fd24436cb90ec6ad1cb99d,1
0x7d1b83338a5af6f7689bb585d900b6debe071cc5,1
0x5740affc8faf8913f9f2d5fbb9bdc6e8119ea9da,1
0x07f65ebeed4251e2da9616acd13ca41081c626cb,1
0x257ed15fd1c8bb6e15f83adba992d7a052215690,1
0x7d0459b606b4de3611d22d8b4152ad7ae1d9b6b4,1
0x4b66f4048a0a90fd5ff44abbe5d68332656b78b8,1
0x3e4db2489cdc102db0da07a7ced836874d5fac35,1
0x18faacc6d6a9665eb1058cea20081bfec4c21abc,1
0x04cc5be7baef93144c6a1f06846d26f808b44ab5,1
0xe9529aa34fc21e2f74749b292fa7a5bfc74563f4,1
0x85973ea4e62548ae3d748864fc40e29dd3a96b55,1
0x653febabcd518fcf2ddec8925352f635cc258935,1
0x482b0f4dad512fe086e121882a81e34c374acae4,1
0xc78609b13db82f63fcc13f151730fd8d5d357840,1
0xe6df4ed7a6ccb8426cbc87bdcdd3cc6d0e6c0690,1
0xe33ef1eb65d92c6f8a85347fbd6f919d53893ffd,1
0x0c4a6866d0d6361d6f755003d01e749685e212c7,1
0x165c290a69b99841647b9a0ce433d50286962dd5,1
0x9f4609b8c7da49d2bc9103692bcd0e45027586dd,1
0xb356e5977ae1be0e47f7f44557acf0170e8d0512,1
0x4f1121df4a44d27e5c349ff51f564c4aa7830316,1
0xd06b1198567bb3cfca42f3113896fab836b22d47,1
0x4fab32d15b9e161e5a5a5cb10b402e64934c9509,1
0xe16c0e1bf3b75f67e83c9e47b9c0eb8bf1b99ccd,1
0x1e9a42634a27577fd59322e75951a9a801a366b2,1
0x6b3a6bca3b04aca1d2458675463e5e1d0f064a0f,1
0x974896e96219dd508100f2ad58921290655072ad,1
0x362254da4f1678c7a533ebef38239c04db4529f8,1
0x8dea9139b0e84d5cc2933072f5ba43c2b043f6db,1
0x3a94ec43996178f7013988358f58baf18a4cc707,1
0xa03b37ce4ef28a17f2b2f795782d795ff2280af9,1
0x2a29762f188eacd2217313a62642b1fb24d14d9c,1
0xe9191dc0376a01b13751df0ff0cef710bcdf506e,1
0xbb61c94456d2102d4e9f3cc27d91fe253bfef58e,1
0x1ea7265513f46d6584759b0910b2b2b5c796d490,1
0x5fca640f57f2df6819ac4c251da2872f87ea257f,1
0x0e637c6add051352915e7334911b9d4a518cf605,1
0x000b8e948327a1a6339045727162564699a7ee8f,1
0xbbfb6566ad064c233af6314aeb1eee4c26a5f921,1
0xc986e7d7e2048f3aa4f3103551395409bdea98ce,1
0xd14d535a383b065cf2228963a984d0e2477bee1f,1
0x6d7823cd5c3d9dcd63e6a8021b475e0c7c94b291,1
0x244899bcad4585193a8eebab7f1ced8d412d7732,1
0x1377beb01956ba813b683f3a707a73b8c39cf99a,1
0xd996d7cc2216a1fd76ee965f5ca71ca1c749c523,1
0x570abd8fc265efbcc2820fe9ca48d6b953420bb1,1
0xb221a0f172694ddbb7883c7fe37459cc25f0a406,1
0x8bf6549046ab9c3d44f028a125db68195db8c82b,1
0xc1e554e6addd5bfc8020cfd97ce3b1fb9a9d7ca2,1
0x77375a8c9d13bf79afb2a87f1b0ac1dfd5f5bf66,1
0x8e8a57d6d548c434ba289324e56c30661bd35a27,1
0x6bf98bbb390736d59c64038e7287022834e81143,1
0xa50588107a59f6e3896fb4daa30fd2db7490ee6f,1
0x024df556c8bde3538945a8259cf025881c9e2871,1
0x1367df28c0681431b8a8f3d887576a1cad85560e,1
0x166866a2845506f6b4c817482fe53b4985882ea6,1
0xd798270720ae59970baa87bf87071865db51460f,1
0x86a8c6ad0e90d3a3c25fcadcbf20ab9e89013137,1
0x060b4ce99e437749f6bfb737646b413b01269c21,1
0xf517639a8872e756ac98d3c65507d2ebc25cc032,1
0x90864c9a0094c1bc450d4b8b439fdc844ce7375f,1
0x858b8ef7d4da0ecb6d701a3ab59bc28493bcf43a,1
0x25cc783b9328f8a1388477456337bc83997df959,1
0x5a53c43726e6d5c658eda2698be64b0321c6b105,1
0x98a02A1499AE65360a3f11ae290b4FE6CEdAE837,1
0x08352F96BEC9C6d95661d6C61B256b7Df23392d8,1
0x84C8E94EbeCA3896AcC35C97f277DE8132C44481,1
0x134aE4a3F6bd060a88D4B7028085f2Cf840b9736,1
0x6543a9aa2ced4b8c664674a8143dba9dbbdc6efa,1
0x7ab696825a44E8c2909D201a438A5F2B82834997,1
0x99459cecaafc8f897e0949bfb5ab09f601156807,1
0x8e103c785859fee6fce3056d4faa80db5f841b35,1
0xbf0e9ce284d36c4d758d19e1458f33675cbccb97,1
0xffc1dc3e6d7f03533460f848480ec51ab595b19e,1
0x92e82fe0283b80405ec434ae88cff5f7910372fa,1
0xac7000ee47b9ae088012613ef4fb105884924e7b,1
0x58b8619ac9ec525a7bbd246550d10154ae4691c1,1
0xB42906fF622902253C7DBef46f5E9066708e2A3A,1
0x3dCAfE4a59491f256Eb4D9Ab58F40AEa35B4575a,1
0xbb88119A1750C77FEbb861518eAb3dBe1a294027,1
0x3538CdA6dE66B10Bbe2D6b7294A9Ae3401f8afE9,1
0xC59714589d6A37a9fe155355936d9cacD629c5DB,1
0x0B3cBD71c60403bA05516a5ED28dfB3FCe368cBd,1
0x2b477aa5bb92bbadb9119cdfceebbd531f8725e7,1
0x773271eB0d15444CD1587334D7F3126cf8a4CaF7,1
0xff10df37000631bea30e5d39c96f1a0b73264f6f,1
0xb03b1624ceE4293ec89599071788c856889b61de,1
0xAA1Fe4a25A82e5f8471b090D6c467371445d7D43,1
0xf359e9b5143b31dc1cabca3dd837ea66390a7354,1
0x71093648682E03e537c306B27c2553156B0f79a3,1
0xbf95df7269d7120de58512909b7cc9766fd6a161,1
0xce0d11b2eb33ebc9015619fbbbc587f55889cdc6,1
0x44e8724afc70092ac10e60dd45201b407cd0a420,1
0x355Bc2E24FA7C445F89cF95F48c228AfF0D82c6D,1
0xcac69b835bd8b6fbce63bd1578fbc0127fbf6329,1
0x03d64dd139FD686490855AA3D1636da1D899cEa4,1
0x408B37aA2f1eb5246AAD4F1A06099FA44805f517,1
0x54c628a6990f0b2f3046a3ceace6eab1e2cbe04b,1
0x3abC119408C434e532171450f13C7c03f4295DE8,1
0xD8b6F46Dd4cF0F3B6aDAa3Fe06558215a5B296ff,1
0x54cEA665458a2a857E36efBf3c5A18A24B7Ab0dc,1
0x1d9a68dc3ecb5E2Aba5e176aC53e9DFd66992cc0,1
0xf163d5a9451997FAb2E918C999262F4a350E5777,1
0x3B904247bAC041E53a7e6842F7D08F3b6700779f,1
0x308c4A8dDFEd03Db39ED82699712674217A573A1,1
0xd01E4d93D1ACA69d84652A5b47948Bf4C88dD237,1
0x2F57f494F0a3A3270C98Bc1dAB6Fa3603c71F929,1
0x27B245163b699651fE62949177E703eCD4469728,1
0xBF1a13bEe86A6e1A1A40470E7B64418c5E0A6ac7,1
0x0614B6789ACd0c165569067c4EdCbF5B783E353F,1
0x78755cf4FB205A4e374b7613Af385141F0768c47,1
0xc8F20001B3d33d8E736f8bCBf248A1119d13256E,1
0x971A32c0a3cf88e69Ab550e479951D390534cFbD,1
0xAeb09bFa74758c06a921017413610166ddCbbde9,1
0x61DfF707079B3b30861370b05A82fa7780C875D3,1
0xf058492D8967d6EebDaB367c6e32D8d6D4fb92b5,1
0x3682B275144D9f62350Ef7354f9Dff5225Bec6A8,1
0x4FaeAB4d7dC0E941A4Ee53901813D350C75087f5,1
0x139ad731BF953760dd7D91e24404c36cF8d7f8f6,1
0xeaa96E2Ab05bE7155de1dD37dc130B16061280E4,1
0x0b9f77613A3038D2ADc5450d77A1fa0dfdF03eDC,1
0x51caA948Cc7338787D69f7955C6b9eBAf9f2aA14,1
0x7C21e9D43fA4D82a1a0E1e2d5449b96fe4913675,1
0xdD4056269f40728E1f4e6aDeB5C32CF89a248BC8,1
0x9CdcA479A6Be4100F40D2634e3cdF26f9b44aD4C,1
0xa31e5CBC20b921B2845892D9D8EE9E92fA2915Fb,1
0x3eAEE6a57e503A9c6280843c3677a266830f4e2b,1
0x5708d9ba49107691A99232c040D0FEb7c7C8A26a,1
0xeC36c3d309AbcB125616DD726cD12Fe4891290C2,1
0xe8C83dC6DdB655C7912650052E1B1b180Fd90AC8,1
0x5C37936739bc25285Ff9ae4bEbE6a27926189b10,1
0x3C4c11a445b4d9Bff4849F0C98Cb4Be220c3f280,1
0xDf978fEC0A804dE3009ccF390601b8eE18bDFC1D,1
0x99Ce35B4847dB3A12450A08Ec769E457912C27A8,1
0xa583d4E4B0Fcd7EE9e7E9900616C1E232C2e777A,1
0x194bCC17bC068c9020C04CAF05A36C60a9458d2e,1
0xBdf4A3f3ce0a738bA832f856F937c0E4Ca674a62,1
0xD977689d0fcdf99154fE8bAf70C38075c6E721eC,1
0x9817392a4dB5b7EE02801bA1Ac5c5D013371938D,1
0x89a57b0b6284DEA6fEeA25950481Cf9A70b6e6C9,1
0xF8ba5Fb48A1B3daF37f2fA5d3d32747b176ab820,1
0xd191cEa8Cd4ae99f3Bf1B88205A1aA7403609610,1
0x60848Cd11EFF163BBeA76CF806bc356480DbfDab,1
0x07346921d5907F72bBAc2aCc82eAAeAE43325798,1
0x5f44e6D533ac091DC227504856F559b2624E59c8,1
0xA9a04cf79001B252E6BefaeE2d6E1C8aAf2682B0,1
0x8ad9Db3227290b83e4DB37E17f362d719Df1e1c5,1
0xE79E010DE943759E82be149208a4859D975845a9,1
0x0308A2Ff08B39757a8d92791fb906b8b75374Dde,1
0x283c6DD902F60668dfE7E6Df420653c4C9b21206,1
0xfD03421c46edE667490CD2afD97dD76fADFad069,1
0x4d0DFB4FD8a1fFB7b29D17d5C9929763b042769d,1
0xA16041C769BBAeb0b335bCcB4573cdcCfd8d4c1F,1
0x31Add3B25eA883d31Ebe9269b02feb07FcaBa174,1
0xe3e176be3139d5038C8cAA1310FA1FC129949693,1
0x751776281c0F4f215c74be1bA3F0977644B2a649,1
0x968d70341610F310B3d3386C0A73488bC0eB9719,1
0x25d75F37387BCc80777f9Bf25fbe11627659e3E3,1
0x4BB4dc406ACE0377cB2A4e48dfE2451158b20132,1
0x71E885867aB110328343c04c7529aE90ba70EdDc,1
0x5c180c97137291D4137f821e9d6942991A933af2,1
0xC6e62a614271C06Bc9B4E54e026b07465aB805Fd,1
0xb60b48005D813eC1f572793b53c470A6209c91a4,1
0xd996593d57eBD620b63405aF13459AcB8c2f2359,1
0x3d854c9163c0745E1b6d6C0fC9Cde9D079566A7a,1
0x27B245163b699651fE62949177E703eCD4469728,1
0x83fD3dF2464AE088D86FBf29376451cBA1FE1985,1
0xD22C16BA0E92C0486688c4cb9462cB53a9a52079,1
0x308c4A8dDFEd03Db39ED82699712674217A573A1,1
0xEF02d90143CF893D57C973F7d5e14b12d65db869,1
0x809386BF78938804992a7CB241A37c04C2974429,1
0x03561162f2920681060c19994927B93142993Ce7,1
0xD26950f517b02aeD3211fb455195D2C336237345,1
0x129A79c0F20Ba658144E2fEAF28085A3DabF19E0,1
0xBF1a13bEe86A6e1A1A40470E7B64418c5E0A6ac7,1
0x7e87997f9c16A0398Ba016d551FFeD5c2bdF71F2,1
0x1d8DBB37D5209C4a5C5D6dF4f046A46C7770F392,1
0xaAb2dDaC24D48904cA21d8169685B8903c349486,1
0xF575210f3a1c2ca4355a331920512Bed85337802,1
0xb3c0aa5dbfd9ad74f0cba66c0fd4e41dad2c3bc9,1
0xc92D9A266e58363c809326333DbA986edA1406a3,1
0xc104e2304807ea7ec891f48b175f29b17a544bc6,1
0xe0f7e8ba9d8e98c99163710df0e65d260923dc64,1
0x58b8619ac9ec525a7bbd246550d10154ae4691c1,1
0xb92da7Cbc9a1040D87E833775e9eEfa7F982D4cd,1
0x8F7C295Dd9c0225d091ca4c88bB83d1df493f4cF,1
0x044c67bFD4BC2D0f96C5af86bfDC7D590d0C9bdA,1
0x8def0445479F5B57Df0A065Ea85ec3485fc40220,1
0xfD287cEbd3fb3250Ee78b7A51c6e0f1eDb67283D,1
0xB3dB8d23a98780002b10Da5Fb082e47b2D22e4F3,1
0x9138CA14585d47fa85d3260820855213bDF2eC99,1
0xc35f0AE2Fd2DB352D0749A704beF67aC99cD0a74,1
0x8e53538878f6E367d0EE13b20d4911f8c8c804Dd,1
0x9f953fCf1F11AEF67CaC8fa5E3aabb0a8bF40972,1
0xc95602b8A41946bFb80852F8e732b33717f656Ab,1
0xE31723b01b5fAF85fb8d2376d00eb65Beef60387,1
0x5AD4e6855bFB0556C54262510c8cCfeF64e40f9a,1
0xcb9baAbDD7e4b898f95066890aB0137B5C289E1C,1
0x42ce72A1ca055b0fd45C52881290621c461e03a1,1
0xB222aDE769901EDB894A0E251d77deb738D8C844,1
0x22ED43ef284F5d2D55aD9F906D652A27394F163b,1
0x71461297cC13b76cCD9A3C2E05e1E96501aB70d9,1
0xb812d38941396Ab692B77158f50D1585dfC35Ed1,1
0x283c6DD902F60668dfE7E6Df420653c4C9b21206,1
0xFCffad2583F952aEcc4d8aEB933EF319bC7a5a0A,1
0x28AB026BD360E8e2D6c915A50Ce4aca6ba2c155c,1
0x0769ca96Ba6721032E3a2bFA61A6f5759bFe7301,1
0x953F893ace2EF72193B7Dd696a20cCF0AcA012ad,1
0x5D56D2eff6beB08856E10caD022926723B55D5A1,1
0xa42206e7c472bC57D1CDfa8B2a07Fe0F808D29b7,1
0x29C04c5d1458E4Ff580208b273794056771d8Ab5,1
0x95C78C53Ef592Ab6f645cB060bdFa577dAd1d0d7,1
0xb5301E7F3D879DDB8245f85BCBD9f8f397705860,1
0x1c329F73ea3d93184a9aDB1eF81A984dE165869E,1
0x6783eC5968aE5d1BeAa52a9fB2E31Aca9451A446,1
0xC1fb973fe1F342B6ccAf0f1513dd2126360AAb90,1
0x104BAF6f48D9D9b71C3B5C590fce3cD1B911D7b2,1
0x9Fe35AF29F9cEf08707f9F01127e5de92bBde619,1
0x068a279288C7b3EeFC38052D7201114b2DB769D6,1
0xDA01f5CA9151Cac8E5455066BfB0513125C98A39,1
0xa41075C0030e56663AA7A5b650fF42Bb3DcC323C,1
0xAf1230261C8B36858C148Ad2d064e5fB162F4314,1
0x5fFC16Eb3B5637A93836d8F825f96c66e66baeDD,1
0xf76Fa52833361A4e0d691419C606d5ecC024B15C,1
0xDAc2B13ba4b411f44438Bc322680706090d42A7e,1
0x129A79c0F20Ba658144E2fEAF28085A3DabF19E0,1
0xc8F20001B3d33d8E736f8bCBf248A1119d13256E,1
0x929A8BebC66fa1c3971C5Bb99C26a09BDe38A480,1
0x5Ab2D2074b1FD735292aeDe3656A1091339C2b48,1
0x645F3cFFdAAAd0Afe96175bba54058c360047baA,1
0x6eB0cE11CB3C6873234F3d9FB4Ee8e8959e76E1a,1
0x9E0C9D375A2eD6cc31Cd69adca7a0BB01c1f42bC,1
0x7cA81d8d669EfF122E97d4786f2E7e5D9ebF6Fe5,1
0x677FabE742Ea12e00960AfE07a999D7207F3cDE7,1
0xAc1c11F878D4493089CE65120211bCA44FDBB239,1
0x40680205111467b4F7D517b2873b003426d8CF5C,1
0x12AE9b976BE468C3d02bC4193845583b3f214d8B,1
0xac7f1e8b1968c45428810C2f8f85661fb65ecc0E,1
0xA16041C769BBAeb0b335bCcB4573cdcCfd8d4c1F,1
0x4d02085ba729889d72c09275b943D1CC239F0e56,1
0x079ddaC8280aB219A1d7dEfC5Bb50091A8d31d4e,1
0x4197237Eee4224cE910d85Ed0C5318428e08C7Df,1
0xeeaB132185793352184A27c07bE351C4362F2484,1
0xa2CFA24Ee07a6D683333b7E5Fd442cf567A5e4F5,1
0xE58898892a7d048571A2eDce7DE5585366150574,1
0x3B1C619aad322A771c4BaF1a63Cbf553a5971279,1
0xbFc455dA4E5e8Cae5A6d50EaA266320d6c4aca2a,1
0xFaA5d99710D28593c523fA9a23445e7DC07ac276,1
0xff8b99Aeb28599Fb44d39C5aF14A5BC473374C16,1
0x41f723318A29FeAf42C16E60A66879c705264a3e,1
0xfc67865E1bCe3C4c04c6F932A92d842f4aC4F468,1
0xDD324048950C23DDDE1CD681988C363A5594D55F,1
0xE0520b9D4936F88979777b56125148Fe057b793c,1
0x5fFC16Eb3B5637A93836d8F825f96c66e66baeDD,1
0xFB7b69e5a4261fe7a62f4BE6AA0A8192126C260c,1
0x5daf22c32507d27c4a91a6f6a1af578f44d2767a,1
0x44447e182D13f097C80c34508444C5f29642a73B,1
0xbd893069f346bf494448b1ecaa8def36ab8de532,1
0x29aab55ea2b41596bb063b2575c14fe386c36b39,1
0x17ecAEDC4448cD6304404A1e8A8C78688C90aCEE,1
0x4b44c12d5c29ccd9924e2a5893e1a5717a94428c,1
0x88730b72fe6099453868f9aa80a6fa7b8253df8c,1
0x9bF21393b7Ae055b015d73cD480D03eB3d3b0b66,1
0xF837e1117b57DBb7dD8b2B9c4EE50CA47e547E6d,1
0x3538CdA6dE66B10Bbe2D6b7294A9Ae3401f8afE9,1
0x56E668e09Af7f0EE7f7bD74066aD691Ee71C6f0e,1
0x97290d98198a88b232f5c2387e64aeed11b5b69a,1
0x4da721626eac02113da7e89d3c7b031ee5098604,1
0xDC0CA5568D983ee72D2ff68895bEe5DC55D4e09D,1
0xC59714589d6A37a9fe155355936d9cacD629c5DB,1
0x9a5caa78edcb8416a18cd949100272026c87e791,1
0x150Ab0b6E08FA7239fD6551C24D06E13EC1bd667,1
0x5Ab08b8758523D4D36bDF542Ab38f603c6AC5Ff3,1
0xeFdfAE795471db9B80A0a96E7E2526dcdd2CfC64,1
0x51ccf6d8ebac6f8e11681069dd055395d649c281,1
0xA70D187616915985603a622632e2625832Cdd4D0,1
0xd80c6875Da89A3c473986aaCa7f12bc2c9602c62 ,1
0x7ed256d5ac1f5740c64cedc3d1c6c648593b1c28,1
0xA10053eE97DB440fb878E9b157E49E3d61244c68,1
0x64f7ca2260c40d733bcaeabe11d8f03b976d098d,1
0x7ebf3f0cec329250101381f84855bd70c21ba346,1
0x5Ab66f37d1c3F958c40152010F016f0B2f73601a,1
0x5daf22c32507d27c4a91a6f6a1af578f44d2767a,1
0x85fbf6ea2f2b50fbcaebe3b8732c0ada79b49990,1
0x277650Eed0Bce53Ea9a9407Fff8DdC4530E8e9d2,1
0x6E5D4EfaEB6A395BB37F9759347F4dB71a6e9a97,1
0xB2b996010336A859929194c133ea9E19FE8E011a,1
0xe55f22b26253fc5a94e90d37732e0f94fe118660 ,1
0xa1f8626adcd51f4ce0fe9efc02c056f089a109d9 ,1
0x51c156497a2e05271db8e75af09fe40f48d6a67a,1
0x77AF13A0094Fc815c594F88670d2a328cdB7F480,1
0xE4ca8CF418FE77c3f53D5cdB1D2C97d58D56B7Cf,1
0x1e6Ff19e284F8fD17f068aaF7b6CE91a515FDB83,1
0x2826a366510446b73afc2a1997f1104dc3a3fedf,1
0x062aeef8f7881bc3ab52f706f85c5f5824360b60,1
0xa35ecf9c7eb8b2339d2cf7906bbfc66befba96d5,1
0x16a1B3839159141d3CAaaeda22F7aF23Eae9C03C,1
0xd52bD20EBc80298C6F0AFdC963Daee76D06fE000,1
0xba5aad1b7cb97df74c3274dd277c1fff77c4cf07,1
0x894b50BA36184f79D24E33327667cdfBfAF90601,1
0x88510778eA7ff7E6A9425A04D1C0F8a08a0dF222,1
0xaca45a5a6839488121d0acd11f3ebdb864251d18,1
0x1b74ddf73c00da506fb1d043f1529807ccd18121,1
0x0f05c61beec3c2c7a92cdc1347e31553ec690d70,1
0x1d87060a4a0a4cc998065793b9eb312b53378816 ,1
0x906c18c3c33c6d2bdd0c20f0440c2d5f93c59739,1
0xDcde3Bf086Da4e6A4F56DDe0Bc49A07F296A5115,1
0x3824dfab082362ee78fdf88ee45cc9e1ed04ea4a,1
0xe723cA6Dbd2fB1aD9823e581433EA9fd3a9E1c2c ,1
0xd8aa5bea33d799a730db9fa1cc0e1bb09f0b0c79,1
0x22620dfef7aff30f16df6a5654089d44c2e3e6b5,1
0xeb5a7b0144acb9481b27eb9796447b4f685a8ec7,1
0xBBcae27D2Aa7A7D9D9D6832cd77dbd0336f8267e,1
0x1cf81b13c74b484489364c4d54b8f144c2600c5a,1
0x9380962770c503170dEc9FeaF04D4756f6261459,1
0xFc2C4606E73150d3f1C18e558e79CE7a398253Ee,1
0xac1DA17b31982b7f5870b2740Ae6Aee9BEc2D967,1
0x6B60046b3f204b6626Cbbc61eE6b1fC46BCf0f00,1
0x0ebE3D6DDFc40892493C3c0b3D30966ECE313322,1
0x8323EA569B80AE0Eb2dCcbEa1A886165769AFD59,1
0x86c3844a2aA6e59ac2dD3EF89D69f8AD3685797a,1
0x3F784C704FD9F989818d4021267862DCca835D29,1
0x2ad09e39f0a176b059c7b59d42615480ba817857,1
0x6b9f9431affe8974ebe37c5f8c48df9255d2e7ca,1
0xe23a7fcbc0e2344b9561fb09c6bbb8de5c8b8eba,1
0x76FAb32278E0D8451d4F47bA28BDE3dBB5A3D129,1
0x22e45c7288bf3a18ecb97455a1a3a45ab1ebe5ff ,1
0xF1e129E995A0f3525140a06d5DD31557EDeefEE1,1
0xcaf583cfead97d1aa38cd86f334b90470aff19e8,1
0xFeA2E859606410a29AA4dE1AA2Bd2D54EBC71cc2,1
0x18195649d995c20c5027df50e4bfb164334a8666,1
0x055E26631089015A6E74Def9FBce40c828cE4928,1
0x0a1bba8702f76ea5202732dddaaab71297b474cb,1
0x129A1CD968736E9a1075351050c78729f3d2bcE1,1
0x8b80353fbe90ff33d1c3207436ef05f798f080f4,1
0xe5eab12168f13c1d57d4a6be11a4b0dd311f474a,1
0x7Fb202f19983d514F650113c680359DBD6976E5B,1
0x0a1f7240ebe1e2e9e67fb476b1d08195082a2d32,1
0x24a84387ff90d9233Bb56e4800D652ee2884e001,1
0xeFdfAE795471db9B80A0a96E7E2526dcdd2CfC64,1
0x3abC119408C434e532171450f13C7c03f4295DE8,1
0x471E60783D6310594910977213F13AF2a0F5b554,1
0x7065b1f84f7b96c270d1beb9470222a525353ddb,1
0x3d37af9d71AEDCc1e1d4D08A9dFbFa276ca974fB,1
0xddcd3c49a3b3d5dc80908ee3a05da99e2f165534,1
0x4862Cf5d5116a2E05174F58904c32ce46c7b8c52,1
0x5b38e20f6ecc53b705bb1854b911a06963e22408,1
0x3aa94478984fA07D5b3aD50C662452b79638B95c,1
0x8d90Cbc4525087e8B29adc20258AD669E2f1C983,1
0x3eCdfbD2d57955EcD19304266087C196853db747,1
0x35F56bE06480503fA3bCA3C5F96b511DC786E4d8,1
0xbaA85a451b58CF81ec63599522BDEBdAA225c088,1
0xB974922509f39B292100964c2ADBB9120117B1C3,1
0xd8e4a5b348b74da45eeb1ec651819d6d229d2029,1
0x25029f83a3ac7e427d11dbe3fac7bff7ac376bf7,1
0x0cc1a56f1A709190B25890d86129e41A53dA9f23,1
0xeda4d9dadb118d4c73da1f752baed82e9351a7fb,1
0x754768ff6f35103a9a7e10a95d6b8304427c7997,1
0x72fB298349273B04a4D0A32D86364ECeaC59008f,1
0x926E1bAa135bAb3E46a806b4A8FcCf27932b85c7,1
0x4BC6b28c9FBbd778D2bE712f54F3499C4bdf20fD,1
"0x91b70bd47C0B2AF75Be65E1F83010c5de85641a1",1
0xcffc7a944ba70aa3ab3ecea74524c242f5c8b084,1
0x538cd7Ac2175aA537e9AC63c4F7613c5b582b805,1
0x7065b1f84f7b96c270d1beb9470222a525353ddb,1
0x826a36c32415CcD1a0DbAefE26feb93a7169A495,1
0xe5290e06d984865d5992abba9fa10f267843553f,1
0xdC959Fc28456F13B23efAc10B7DE023412656e36,1
0xba2eF396A8D9E3C1f937B354A03e21833ABBFD24,1
0x794e514daFfC630B615E00F0834D687C73272d81,1
"0xb68e121F275DF47A44eE2f8de4B6Dd94Ad0F8377",1
0x71029456Dad18E89da22124B526A68CD73bCeF02,1
0x265743C1097ED320C81279222A6922c66Ae0f8AA,1
0xC7555AE730eB3928A3996754d26A6D75e2db5792,1
0x13814c3F4C3540fC395F9Ae512be3622d207cbD5,1
0xAa06Db40EE9FFA818eE3149CE7D07a89573289dE,1
0x54c628a6990f0b2f3046a3ceace6eab1e2cbe04b,1
0xe915c4b2e278d4561cabf375e00d704a24bf76ce,1
0xb60ecca522b91e8da965f2740544cca62c179f12,1
0x77b29b385Ad4193CaA7a388b9FE87970eD405E75,1
0x6f425b2e318B3eCe59D9a2d1Dd3EFbc76E5E2613,1
0x84f373780aea78490e07dc7748d0c5b3dd49ae76,1
0x43fe1669E968a1D6335b1751F711760775D5B066,1
0x58c00d44dd6d9daE43bE3B28bF2aa5Ea551b4C63,1
0x84C8E94EbeCA3896AcC35C97f277DE8132C44481,1
0x37308D1f5820514775575AaB677f9B86fa707473,1
0xE58670C30b4ebB912b01f70a95CE71eD22FeDE26,1
0x128E47cf96D8633f05320DB15A487019Df0D1413,1
0x3ab979926F92591313aE922780015d1cB562df1C,1
0xc6E0aBAFb6B3DEA82c94291Ca1b22D18a5627c01,1
0x54c7DF703770f7eDDAA15D8399F3F3c95477b22B,1
0x16526874F205957Ca56c28f70263a92735ad292e ,1
0x626153a9e538714fe5cbdd9045ec3994e7a50cef,1
0xC6A88d880be82dB2B1F31f647a733bCeD8ED5db7,1
0xe1060ed1cd48c3e15d3df068c96afe82a26e36a9,1
0x2c2f31ee887d4f7d5079af9afd85cc2047e3fcc7,1
0x06cb95c96d87dc61a04377f3ed519006baa5ad8f,1
0x3716b329f7599c29eabe3bd07084b07ab9a1d7bd,1
0x3fedf433f82332bf096b66161645d0d15d1fc884,1
0x20b277c9197ea3bde15932bcf89f0de3a0836135,1
0xd48b1c469fb95673e9751a7e9b710c1ccc8f09a8,1
0xb7863a303db6057743747e8a12b7fc5d53389406,1
0x0e9f5c12a08d1188c928842a663f91fe0eb9004f,1
0x516c0757d2f413737a79c3792ca203d2ee3341d4,1
0x2846aA0954daF589117BE0f5898849475beBFD32,1
0x8df4559640e18dF02fb8E23f8b0c5061c13B2FB7,1
0x404674cE71306a152ec28fB3F6A1D9Be710361a9,1
0x4A301A07e220BF6663D965bb1B4E80AB87508734,1
0x0B01ABD42024eab3FA53Dcf0CA9e5d1443c2899E,1
0x95c656823C7E16c6b52168ee224B715594fCBbe9,1
0xf8105eF3EA823fC6816e1AE1dB53B1094C837841,1
0x1351C7917e778Cc6aDDF57dEc0A85350E7040DcE,1
0x5259f44Ab10273F1851806CD63925730b9979233,1
0x0741c59eE3a70f33720FC191464D1523f8BD0165,1
0x50C0c9c1C8D08bBFd71A4134CfFF96b1e3E102cC,1
0x1908882F2e4453F7400d8B2916D15B1CCC3Fa424,1
0x58E1a4ACE68D9dC037892007C28B1D9CD956D38C,1
0x270a1b4a0Ae57c9b72c4F80E09eD9e5533f6Bd68,1
0xADC2839F0E481349aC9C8c9D53d5C928C44CC84a,1
0xbc382563D8630fe378Ed79C700D4D95F7D548037,1
0x86767baff4b887f9787214383930Bba684F887C3,1
0x2458833541c6C636880C817573060735bE8196D5,1
0xe386121Be40aFa18fd55013168C19c3366c83a00,1
0x3Ae8b583b6AbA9cbf81A41971D50065bF7E5c29e,1
0x210d8422291ceb3c5d471641fffcde8e615037da,1
0x67A59011f18040594F12A6d3F876B6e0f66aA425,1
0x6D23a2b1E55B9F127e3F1ecb144B5B1e3dCF855c,1
0xf7828FAC4a6454c38166f468f49f0aD1fd26B89c,1
0x50416827aE991879F02f251aB5eB3d65dC1B785A,1
0xBa9eab5fCAE56B3a8d9dea038aA722c8724Be096,1
0xc76af2ae85524ae8503Eaa0a138Eb636eAF7CAf7,1
0x4e4639efCB9ABaFF8b54837eCdCDcBa986d27dfB,1
0xeeC1157542AE91BcA37C65b5bCC5f565C4c573dC,1
0xD95D90DeDb718C32aC2f6a9c7063B8524A751747,1
0xA46f5db35aa05375e4336e5375D4E4fbEcbfEdd8,1
0x1Bd873F762A3630F4004C41B558D1cb21f4FCee5,1
0xb8E4932ad4959f8a9d92C1F5de22f42B9fE3fe97,1
0xfc662F30D80737012a8556e26114E506F1849fed,1
0xA11988B4B680382415bC9EF5AD77198963a0Ff42,1
0xD41f21Bfad5F0D54dfA128275D2b4936CbF1f3E3,1
0x3A31abDA8D837527CA4E3a1eF5083deb21B630Dc,1
MAKE SNAPSHOT OF ODD OTTIE HOLDERS 5+ NFTS,
0xf787a8401f30e70b540cdce5f296c5ed93903871,1
0x0470f36471d2855b43524218fe53c6b8b5516713,1
0x7f8a849B96f983D95a24FeD2a435da96658a5580,1
0x220b207b3c24eb6f5c87ebe824ce249bc46475eb,1
0xf7dc9c245b94fcb84bf0aaca81908572e5a0da22,1
0xbb969364273f2F3ac3AC07Ade5F6Ad633ee325B8,1
0xE542e741576af4d71fd5bc66C036D06fd1290ED7,1
0xfe3313ae34456501a60ee35e3d459c0890206d95,1
0x5D8CD642531246F76cfE25C23d992B28D3047cF8,1
0xec8bc69259dce134a7c31d932d5896b4e3414df1,1
0xf9659071fdabb948e9592406f9a26e303233ff94,1
0xb64e0713bFff6E9b5Aba86714c7051F203b6c4De,1
0x7f8a849B96f983D95a24FeD2a435da96658a5580,1
0xbb969364273f2F3ac3AC07Ade5F6Ad633ee325B8,1
0xf49db780a79b3a03385262784c631d48656bc19d,1
0x7143f63671ad831c7d3358f26ead93888ce2b566,1
0x08ef8530b61405216dca143a3de7dd44647cd9b6,1
0x9C15dB23805484479dc3F351C351f40EbDE72ac7,1
0x10C93809fD0292EedF68F3C180e9EcefCAAd84A0,1
0x1c803a9464c7603e3425ff12e9b5bb2d7ba925a5,1
0x74f4e6755d723bc1ce3c1a63e34913df472fdd44,1
0xc6831fb7a653ded0b85693947995896b89ed8e00,1
0x88730b72fe6099453868f9aa80a6fa7b8253df8c,1
0x680d7cc117cffe50ab5d18728db25e07c9ebde4f,1
0x055884df9bcb94e089faf51612cc86b1cf7af6dd,1
0xffe9f695d9b3f01ee7bda508172298824e5dc7fd,1
0x218e44d607a36bd75600dc61287d881dde740a9e,1
0x2b6f21a7a71543ebe8ce043d004756641d7f8a00,1
0xd1d7ef3854dcc7600ac7d396a3d51b92835e8999,1
0x8B605919e620e4285523dcB699bfe8f86e13910d,1
0x7c717C9735ff493f3eb3E7966F228B8E7Ad689a0,1
0xF662962Ffc026Bc66667F28870A9BD9161329Fe8,1
0xa99aA8C4a0d150B4398E8f0eA111e69f8f981334,1
0xb397975A8BbBED66680226CD3F1AabfA3E17A8B3,1
0xc8eBdf5E6c65B1C1341521f3acFF54aDC04d879e,1
0x421763c1B3044750A12eA13a595BbE87a2924668,1
0xC2e1b04AE45f5dcaE2a2235ab90ab21aF84bD175,1
0xafb1552DE87D1238760cF25ec5818cB6ccD6aa42,1
0x86a53Aa730C256F68f22E56E60d01d04CF15d062,1
0x191B274f9957AA00B3A889CC03A0D8675Fd27162,1
0xe269B79CF7771Ab8b860db487C5C9363ae31E9Ca,1
0xBF5bb8042a32c69d8D1975aC9d907419792d714f,1
0x1638AC48614a72A96F5D748a0d53d060DE354f5e,1
0x0004aE123FE2aff1CBA2d577be914C2b4DcF6aB0,1
0x051620304Ba11a86791A2234c5a217E4AED6d5E8,1
0x8F76A1094dD50dF6E4E6346042B8d83173482D48,1
0x9254B458920D2dA006237081A8290e870516FB9b,1
0x61166FD51B4898Ef61a07247dE759b59fca25777,1
0x7c717C9735ff493f3eb3E7966F228B8E7Ad689a0,1
0xa09108fB659EDC796C2E6F7800C092cE01dDf90b,1
0xe46702b655252ae97b1a31a780a0cc420750b43c,1
0xc044a05f59f3b920243a1f94a003db78a30e89ba,1
0xbe37629354a35eca43a8c7f719d2e9603f770826,1
0xc45a3ee970b3c21abe9cabe37cc4952bb5124b37,1
0xbbe7929643c9388dc474d3755a37fada32907928,1
0x52b170f13f9b0068b94a5577bf0fc1a453587a2e,1
0xd1d7ef3854dcc7600ac7d396a3d51b92835e8999,1
0x07d1c73ca01134651ffa9ad035534ffd0fd246c7,1
0xf05b1beb0c7b0e2c8f8241710af7ed59a57bc6d3,1
0x86eB126a2E702DF9fbb7108De0F5217De0D681E2,1
0x756B9f5Fb92B8DeB3F1165323F0Df1853846CfaD,1
0x3ABA1cf5ede7B1464F1c76A015eF6A459C6Af049,1
0xE5fbFC2B67Bfe40A33E79785A4f4F7feB46CE30c,1
0x3051A99019D693c6Bc69CADE92Fa59c7C3BC6C3b,1
0xEa8838303F40e345aa481b22E8D4a4C5b2AFF0a3,1
0xdAde4144A25da656ffd50cAf4842e72826643aB8,1
0x3F71e9007069Cbc32FFa2A63B17ACAFE2C94f8B3,1
0xC0eE76A48bEf17bDD219CCDc52f27fB7DD6AdB9c,1
0x9742a6e4629dEC16EfEc782429aDb9CA7A3e55A6,1
0x5f5aCd57DC1501D5125faF5f3D3Ab393905384dF,1
0x40F23A17C2F77e67E8d7110De25C7e0a35e84F40,1
0xcB7b8A1DBE163cB3CCff2fbc4E55BcA30cDA300A,1
0x228F08f03d2d87601875FCADA03d11e5F4F9Ded4,1
0xf2Fb68D92cC9b325FAC4D408bbf711F7D086B319,1
0xFfcB7bd56F410827ebE3B7937C047960ad9B4d39,1
0x4c734A59Ca883ECC03dFE41275C18306A399a6eC,1
0x23a639F983266EC1D1b64A088c656A718C736899,1
0xfEBA9b828Bc48817d5f4891fbF8c689Ad9A7E2da,1
0xB69fa754D71A9F8E028b063e2dB12a623E77A308,1
0x9e0d8317b79F3D77e4Be588233ef3442384e60E3,1
0xC174Ba480E14803fE399a0549Ab48774bed45C72,1
0x3efA8A1CC7ee98FBf33816B4dc5dec3AC034f364,1
0xbf6fe6203811a49b20612f5560c8d4336186e238,1
0x706B1f3E69fb20a10FeacACE810258510fED2b01,1
0x6da01ce73D4a0509EA8Bb008580CBF387e5C1C99,1
0x391018a054c9c55D534a153Be308711AC4b6C116,1
0xF0537C1803C905b100a4d3734E24567Ef7a5b517,1
0x770059e82e5e90E3FF86716C649D869B3e900c0d,1
0xd279A75EF8A97292c182268a08C69F15c32BdfD9,1
0x024D02e75B88ED1ff0061F55D1DE8a8F149203Fb,1
0xCFe78B708ED75806fCa5Efc34243baDE71ab9927,1
0x7F4a29aA0CEB64521b986Aa09c810762a9fa52f4,1
0xC076cc20c0B43ffe3ff7e12e6c01BD1d213131f3,1
0x005eDe4353980Ee9C9F7E5D4D3Be1C8Fe4616b02,1
0x022290A1E1665fF63426664C8D657e58fEa5b7a1,1
0x8EBb71eb6F8Ad5f5d785c0EBfCc4769644304bb2,1
0x85B0Bf45F53D2677CE02b7fD6413835D506a0040,1
0x70B0551EbBEEA6ae2DB16416c2c4C503bD04268d,1
0xC9C5d9f0a909013056C9e75A58Af9fC274249d52,1
0x62030B44f52f25cB2B5998ad735701F86F7EfEDE,1
0x234cbb46D0cCb710A363565B24dfF4D4289631A6,1
0xEee7050ac6804E688AbF133Cc45f495385DbA2B9,1
0xCC2D36Fd78c4ACB42aEE99929be1ba1D1d93d318,1
0x2e7da2d57aab10306dabf3ba9a32309541183988,1
0x11a69c0f07a1495EA97d693f848e8BE370B9Cdec,1
0x1788666Cc83F697C2bc4862119B80c84D73635Ad,1
0x6d230F27dB3611AfF52468c790f5667A6E1b0EeD,1
0xbE7eE8Fc7F24cAaC80bf4d6278a200bb81616eE6,1
0xA4dE85342dCF01Fbb879b27648a96DF3792Ae957,1
0xB156790991597065a85983679EdA480d74B8491B,1
0xaE2565C803d100c6502872C80CA392CcCfF542fE,1
0x362c40959A2A9C87FAE370B9d0508389eF5Abfa2,1
0x2190F15A37A2c1FC7b6561655e1d0165D4813c22,1
0xf5745dB66fFEDe31449A5DAA30fAbB9E855fA97d,1
0x35FB9eE47a11e401770337Aa85D2e0855b9ECb98,1
0x43109A6a684Ad35deb378339B172587fBe234Aa8,1
0x5Ac13973301bEB052584a6657F0E112E16227Bf4,1
0x62F6beA5145346c2Df37EE3000112A526Fc460CA,1
0x0357Af4Bcf7EB1ceFB50AA4fD0478A22fb0D7473,1
0xcd55684E67e23AB28a7A9564bf713e2AB022722a,1
0x190f12c32DBe0cDEB5cc415995573234B2186B4F,1
0x8C49ca926929dC2878333a3C58a4E8180A792596,1
0x2EfE37d5da9307A7048560BD670dCfb27766888E,1
0x967541Db25A0eAB9860Cc03AB925B89B1390a5C2,1
0xb0950D44a3e152C219b1ae17f2a81e20e9E55A69,1
0xa6e865c0c4FD320d961AB52F02e661010248aaF9,1
0xec49f43ec1c6799d94f21226f18a9675fd9b7e1e,1
0x3268c41f172fcbdc1748243cb8b03096d51a631f,1
0x25220e8203531c3e09f790746454D4e5896250fc,1