Wallet,Amount
0x432Bbe292812f6b58D9e6dfF60C9a115A8cE0733,2
0x640b6cae189fba4557e7abb8f12a0243d91f8ae3,1
0x91a86026101068df0dc96658499e3d9fe47256be,1
0xD89751876093df1B69D6124A00a4A2FD7740e976,1
0x3f85647e94b723c05e7cd5229b9fba5f14119fb8,1
0xC0dBDf91FdedAc6d9771D286446fe7e08adC5D36,1
0xb35da466079cf8b38aeafcea2a6ecadc86183ea1,1
0xAF9e3B630D27A0a38920cE51032B8f484E96faD1,1
0xD871c56D18816B66DAc6e94Ff37C1FFD12d76518,1
0xd826053ea96E7102331b768711CB6516D0333075,1
0x468d4262b151b3b41DA85583A4e54D602034C0B9,1
0xA4ED72B3A1Bd882F9B46bC8AaAfaB5BDc2B8149F,1
0xC7371Ad71A6023569628d2da3BFc2d3Ac6079f81,1
0x2bfa461eE2f2aD128aca346BcBC2648FEb6B1819,1
0x12E34317e5fEbc17BFAC47C46Dcc9B098a1CAd02,1
0x3a5341e2e9fF80359C6C4775BC875a965ae05C63,1
0x60611010CcEc0f09768437e560f1f0Cf96A248e1,1
0x4419eB6Da1a0B3A75620a03aa4071334b4bd9d6a,1
0xf46a4Ed914984923dF8c0fe1946C1f2e8b9F50B6,1
0xD0eC58BF62B16803f4Fb82Ee1E61583b237B126F,1
0x58ed9da0fd4a5865fcdf20a3444f429a0dc904a2,1
0xe4A45f74967f75dcCD6947A9DFE25333727a4737,1
0x5D0Cc6Db10DeDD50f1d212d6b5b700A35be0a3cd,1
0xb6bbe498f9b01c1eb41d854acd61d528848f80d1,1
0x0a9EA27f444F5bD3E7221758a28a9529c4dA1FFd,1
0x42eCe22BDB6E2Ee03972DDb8C3ea15c8A4F85240,1
0x500031Df81d8BdF757E3D21cc1a396212264E488,1
0x93d7c99c3ae0b01890822a967ab09ac3a0a12499,1
0x6f425b2e318B3eCe59D9a2d1Dd3EFbc76E5E2613,1
0xd20F2f5Ae589C9D0cF0d5DD9db6bB4240764d822,1
0x3b74282Bb272348E4F1730489991E808E79F1777,1
0x3F2A7b4D6F035992F2c9d80205b08077E4468fD3,1
0x7dEa4A14e9caF08FE177cEFF69f7e201Eba8A493,1
0x34D8411D512F1c14F6412dF8d11DD04A0eabd90E,1
0x5F6d396c6Ca494a62Dd5baA01D0D759329f07F55,1
0x396450B273fDD46B8E481f38b5A5280E946F1e6e,1
0x7e155682Fb3451989eeF760dC31007b74c2aE9b2,1
0x8159DdC498Bc276F6118E2D741Eceb0730159d14,1
0x4be35b3c23AdF092d571AE020103349E8a648006,1
0xa7DbDBa1Ef3F26838dE524a6DfDeaE66A87d58F0,1
0x63D37D8a5bc5DDE11b1Dd7F8eca3721C48d0e2fD,1
0x461b870964175B0e10082f5062a20adF15DdEA6C,1
0x9DF5F99bE92A0eF36844a56c9aaFE0d6826d6Ac4,1
0x1739F03bC43Df5C5aB7b9f67B96eD650ae438230,1
0xFaD1f4406e4e9a5780cD893e2d5f72309f412485,1
0x72f3814ba97Cab956c217F1C47F7b88439C0D4BB,1
0xfe0D197D2eA132C251BB27BcD1E561Cf84403658,1
0x1B4AF9d511C90a1AaBB3D2c4069161f9f819b056,1
0x0F8b419c56E21Ef02fCBaE37ae3B65E017303e09,1
0xE1c0A91D7713F6e3c06990c1f6c98f822B1799a1,1
0x9c43E6fA09642759b88Bc504c2cb093365678716,1
0x86224D11Aa7D5923b09b6aDd329f418127F43Bb5,1
0xa51B4AF93e53d784092Ca34E63a543661a5b23ae,1
0xc76DC3f6e38c4DcC45476201538dAF2d7C6ab664,1
0x3b8594FCb9411dC33A0924618BF5df1279e6CE45,1
0x8E195B898b09328F199457Ecc7406938cEcb6BCF,1
0xE3477b1861eAd1a74DC1D2d329461A27f321D70e,1
0x8a98B2de628eFfdA63Fe2F774d6F0d2aA8bA52AF,1
0xb9E35Bf077e458389b740cE9F184964763Feb6d7,1
0x7983B1485e8E19ac9466600e3a8d954FB336c36A,1
0x39E0358045479C64559A97393B2866a6F4a778fA,1
0x32158839C5193414dAD6d31DC191401B0f14f9Be,1
0x8BD0b2f20ed4A2e961b1D535030C8f386f200a21,1
0x2097725fEbe81B6F1b1F0e81F015E9EF85CaFF42,1
0x8Dbc1624307015C3EC5a132fc7e073e8afF1DDd1,1
0xf0C80e5A6feB81b690216C23B9c6BD5B9566fe4C,1
0x5781e5a3b1ab2b1f28b487b51867d658bd4a23ea,1
0x03F4b7178aE3308690E49b3202Cb5377bDE6D64e,1
0x0a1f811d976a12794466b76d2c3238c010f39420,1
0xCF94F2976f7141EBBa8c58FEA62846f5e5E34ceb,1
0xF42Af02d4Ac0DeaE7a94A4284885Aa4Ca7Ce9D6e,1
0x2f6C73FD2605c15D0580357AeDbeF131F4a8A8a1,1
0xaa62a90b997654e454b45e8cedd645c4ba365ea5,1
0xc0436f3adca773625552556e91c614cf21822d7a,1
0xA538eD9D4Bc16542d859Ac3a15936BA8f70E4Df5,1
0xE58670C30b4ebB912b01f70a95CE71eD22FeDE26,1
0x58db842E1754F7ef618D3Ec425A52079Fd9B555F,1
0x7f27df8e769c509b1835e5fbca7734287cb8bf09,1
0x3F36C88c2d7bf176c3C44F02F4227e73C978fBAC,1
0x0a95B8586BB583Ee3c4ce816FecF16C1B909dBeF,1
0x87dc8b099b489a868b6657356f8e7e92ae7fae33,1
0x1B4973089150451Dc60F5bdf493FBE789Fa1a007,1
0xf1F477aCdd506d121859B001691504f965a802ea,1
0xbc79772F8797bEE698881e4EB04aF25fb6e478B6,1
0x6E488c37E99E7c41C22E588d4417FBd4C1b47AD2,1
0x50bD7206b2fc4697C92BFc13A5F2130fc45863bA,1
0x998109067E57ADC10003D1fa874e0b3945D3235b,1
0x10558f6238b3dcfe1e3f407958fbdfe7d8f90309,1
0xB8fd34Be242F2917cd80f5cBC28ABe5Ee55203Dd,1
0x9fe8f5497180976fcefee773dd5778db73e01047,1
0x95cea24EC6B21329838f91cbe635B1f0EF85c69a,1
0x42ce72A1ca055b0fd45C52881290621c461e03a1,1
0xeaa96E2Ab05bE7155de1dD37dc130B16061280E4,1
0x9008Cd6f0b887c024Cbc4aB364879f6D61c5261A,1
0x0b9f77613A3038D2ADc5450d77A1fa0dfdF03eDC,1
0x194bCC17bC068c9020C04CAF05A36C60a9458d2e,1
0x89a57b0b6284DEA6fEeA25950481Cf9A70b6e6C9,1
0xE79E010DE943759E82be149208a4859D975845a9,1
0x0308A2Ff08B39757a8d92791fb906b8b75374Dde,1
0x968d70341610F310B3d3386C0A73488bC0eB9719,1
0x308c4A8dDFEd03Db39ED82699712674217A573A1,1
0x03561162f2920681060c19994927B93142993Ce7,1
0xfD287cEbd3fb3250Ee78b7A51c6e0f1eDb67283D,1
0xFaA5d99710D28593c523fA9a23445e7DC07ac276,1
0x9f953fCf1F11AEF67CaC8fa5E3aabb0a8bF40972,1
0xFCffad2583F952aEcc4d8aEB933EF319bC7a5a0A,1
0x613D9ba40BC7Ed2aec1d66d1D86E5799909FE172,1
0x3eAEE6a57e503A9c6280843c3677a266830f4e2b,1
0x5708d9ba49107691A99232c040D0FEb7c7C8A26a,1
0x99Ce35B4847dB3A12450A08Ec769E457912C27A8,1
0xbCc49b7BA56840C3360D15Ca5f91F57cC54113D4,1
0xfD03421c46edE667490CD2afD97dD76fADFad069,1
0x6783eC5968aE5d1BeAa52a9fB2E31Aca9451A446,1
0xb60b48005D813eC1f572793b53c470A6209c91a4,1
0x76967a504ae924cec3da32efb1de2dfcc98f9102,1
0xf1F477aCdd506d121859B001691504f965a802ea,1
0x055884df9bcb94e089faf51612cc86b1cf7af6dd,1
0x06d96125187daeaf6e99a9390862f4ac6cd4dd5d,1
0xa7c398cf84576a7550e06c24e7b2b9dab425ae77,1
0x9737d52939b59773b824f57917512506f92d594b,1
0xfa4526d98e8f69d3c0b78efb5e7931132500e5b4,1
0xed0b7c0527737798a692a1ead99d22c0fee1054f,1
0xb03c014486feb6cc8b0a5a77b60e1ca336b4a9e3,1
0x9ef483cE157AB99b89FCf4a0D64629Cf1648d5f1,1
0x95219850ab2198088747031f0ba833577545eaf4,1
0x06b1edc6eb90c1ce29bd426aa824cd87be555f94,1
0xdc73668861cce8d905ba6661a2475574b78bb1da,1
0x1DF939E6A03C7381B24da11E26FCD771979b8F2e,1
0x0aada3cfcb7c8e00d0d8e15b19bfb7473c3840f3,1
0x374C8e947943758A9cfC34eb31aEBd4f69f9463D,1
0x8461F73878db4eD648527a8c1EEF897883ca9079,1
0x91fe9fcffb5f67df87cb04389b8bc5b2177ed877,1
0x9a429Ff5C8fF8a40eaF241D7a2952D76861FeA2D,1
0x02135d2fd957e904718af4266fb599f7ab403ce7,1
0x404a69FC9CF2405efD5D68E0C9daF152218a83aB,1
0Xde043260C502Dfa2D20A575Bf25Ec10622Be85A3,1
0xaa179E4afe962C4B7778B231e2f5a0681F8a0B3a,1
0x28cc3a12452f02d4e29ed7c6e85311cafef16472,1
0x366C2621797Db18EF4c39285f45B589E719C3CE9,1
0x07469E2FAFA0d0Ff1Eb86B87b2555cEA76093c07,1
0x1eFd4DA19e049A0B3aA8eA202fD86dDcB824885b,1
0x6ef22838818a7f5e11a5966d60046d2c45d5957b,1
0x0a95B8586BB583Ee3c4ce816FecF16C1B909dBeF,1
0x35e1557b23e66894f13307769aa5c05158e57d91,1
0x1cc3cd923d87acf28e365fbfe9902361229265b2,1
0xa13f78db2db79c5accabf09110ca81ea853598aa,1
0x64A1D4b0928B6bBe6D2cef5853Ab550e8641C31D,1
0xffbBe0242859498845188dE83E30d86467B8FEBd,1
0x1468E4993DdB875E38f1173c4Cdeee0b11456289,1
0x8329672f5ed2e1a0b66721c813e5b9a63fd4b09b,1
0xffc1dc3e6d7f03533460f848480ec51ab595b19e,1
0x8fbbe3a1ac7ff7fbbf39563667a08846feb2546d,1
0x70c241fff001528d26c97f0b15520612fb334dc4,1
0x4774c924981e1E312e8A2731EF40e2c7a0da818b,1
0x5De111e539BC6D7312d86f72D520060148a96805,1
0xF58C3886e7371253C4f9F3c669Ec3E5e8ea352E8,1
0xB4Be85887D68A3dFDd5e9826A5b7744379FD34E4,1
0x8dAC0B5eBf7f543A1Ee7bE63D0e741f150bA1c97,1
0xad515044f205dd882719fab23110827055cb2e26,1
0x9579117107fd1e4b6d4740973c6ea4a81633e576,1
0xC24B07F3f6A021700D30b28f6Dd81c52d3027F89,1
0x7d1D6314498Da1851357E48eF48BC5C2b8fb7ef6,1
0x3aa94478984fA07D5b3aD50C662452b79638B95c,1
0x4dFFC5D561CE1DA7378301F237D5693C4e77d3eb,1
0x90eaB6335B30c6E98F49611375bABCC56f6638B0,1
0x25B8B112B65d66C54631b656C95a199c4e9c762A,1
0x6c37b90f6ba5c9d4408ddff31a6ca2853078dc27,1
0x5a861cFa35b76C962EcF22F0D684FD16a85447fF,1
0x764E8a6372F5374a20cE2121303049829E9870c5,1
0xf359e9b5143b31dc1cabca3dd837ea66390a7354,1
0xffbBe0242859498845188dE83E30d86467B8FEBd,1
0xe02Ae28eB98d5807379743AE2E6025401eE4A5B3,1
0x89ac5f748f87d152b4b35c413e7cb7b1e191c353,1
0xA30Fb3E5f1fA4a64c504e8CD35d21c8e87bc5290,1
0x754768ff6f35103a9a7e10a95d6b8304427c7997,1
0x926E1bAa135bAb3E46a806b4A8FcCf27932b85c7,1
0xAF3a54BA3a6dbd10793859aC5F7Eff86e4687941,1
0xFaA0395A01C7830Ec6a44D0f07c2ED1D9D2af799,1
0xa1F7100b8ef8cbD2329c68CEe3c8b11d9a15E010,1
0x2035d9abec5d2a2a2af3af05588f1ebaf336bde3,1
0x3207d7223c45a2cbfb23cee289e14b5324922931,1
0xf6d25ea655083fcad1755622256c11b435ed4bf5,1
0x98a02A1499AE65360a3f11ae290b4FE6CEdAE837,1
0xC4b7a8038735De7D7cA6c2F9558a48B16f22aD9F,1
0x4B1Ee54feEeB11fd6908f1Ad9E539CAD0942CeE6,1
0x3AB670B46c60027cb20e7B86df43d6159ce891A7,1
0x44397a6f31bbe59c206617CE502E69d8070cE7dB,1
0xd48b1c469fb95673e9751a7e9b710c1ccc8f09a8,1
0xd7eB75641fDd436B47b6d59D3EDF5E4925082607,1
0x87855360fdE4288635E9eeBa3fF4CaBda37eb3b7,1
0x672Af046E9C811e89D32045cBaCA9bEA0B039748,1
0x1F0A72F47fe5dB466ca14e244B0B43A3817C15c7,1
0xA206BeC14608d3B7Ccf095d9917F80B5Af0F01cA,1
0x424e60800973730292a962f1899fc51b1c13f519,1
0x12FC49D28c19Ca1697f7781Ceb07FDaBd5aCe365,1
0x1c1591416D73818785750F4945855ad058bFF837,1
0x8aBeA4EdB18F1d772ECe1F65F6a41De660e9cC19,1
0x92CF1AEC23A1faF66b294f68194Dd442Cf05764A,1
0x5D60886a6018088DbE8ff85E6B438ae409C7D193,1
0xa02632Ff0B80C02497cF2eB28524E0e26d03a46c,1
0x2C4109E0F6aA46986c66DDCd66c6c7c80CEbB4d7,1
0xbd08f17DE56589922B49cE5902fC5786a16a9D01,1
0xFBfDA6A12658B166d152ba9D0cc11aD6ac86F09e,1
0xa83BFe0c66Afe3055e43E20f57050d2D83f730F1,1
0x5768bba7c184dff71da35910b9bd10434349fe1f,1
0xa45eAD143665b945eD343de69699ae76184752Af,1
0x0F1056DC52349E4f729219a441e48416bD26CDa9,1
0x43460afE0b410B5f295F4e3f1231fa4288352698,1
0xe67bdba7083fd6605021bc60647e4c44cff38d01,1
0x7cc71Cc327B1CC426b931581044896f29deA21DB,1
0xFA2407c2EBD81a4Ad19F36AD0E6cF206F5C9234E,1
0x44C8e170C96Dda899Fb3754F39f0Fe2e8b93B6A6,1
0x9C857F92ec9625e9a1162D84cd17ac311F619A49,1
0xD1bBA1De31C293A113157118E602502c13361122,1
0x2e7da2d57aab10306dabf3ba9a32309541183988,1
0xD5b3811F7e120f71CD4F344C65b090e74AE4aCf5,1
0xd11e43F6b816816F442E9605aE83148a91f56c0a,1
0xA1460BD8538624FcB6920A40D502e88D0d3B58B5,1

0x2cffa2b8f2ea3fe0e90136f5138284ff93e3ea7b,1
0xF7125ccDEb188dD9409517Dd3291C6D696001b58,1
0x8e88750385B4A7db74D9D4D0c54843da74ed2C35,1
0x54d223FbA857f7081cCA790afbE77d9Ecddf638F,1
0xa389BB8ADCc57B45eBEd061b76314e7503749c48,1
0xb03c014486feb6cc8b0a5a77b60e1ca336b4a9e3,1
0x61DfbE8C0a93D8d159EEc62dA3837897F670a526,1
0x9ef483cE157AB99b89FCf4a0D64629Cf1648d5f1,1
0x9ef483cE157AB99b89FCf4a0D64629Cf1648d5f1,1
0xCb0F948CBc4dBE68681e1636a124365E72e7542B,1
0xef7ad5c1b7F18382176BCA305256b3766cE86007,1
0x52b1884f5aa774569a942ba329a411078a4a9ec8,1
0x52F2ea20992dbE49e3C8b2769eb274b21329219F,1
0x6af13e34d8c1171f6578f1e243c88542bc29b1fa,1
0xcbFDCbb9A2A64aaDcECe5Bad7c9BD3Bc13F66470,1
0x190f12c32DBe0cDEB5cc415995573234B2186B4F,1
0x0886a3b935de1a05dd5067821d5a753656a607a2,1
0xcdF7d9CD29Eb7C26Df5a492dA0fb9ad1d15AeF28,1
0x3B007b8F373b07BdCFeE96a3a8Cb983Ce4B290BB,1
0xe1C0b1f0E1f6a0d909F363DDEF901aCdf11FFAD9,1
0x7910af645cd782a0a70d6f795e2d0e742ea8e0b4,1
0xc4E320370bdd4bdd3F97a70068a5A31f7559745f,1
0xe7a3d76BcF61bf81013FDf50F0739E9Db1A56834,1
0x989d4876DA6F646B605F9d8A659CDf65cB055Fab,1
0xc4E320370bdd4bdd3F97a70068a5A31f7559745f,1
0x79e33a37ea5c34825ca24a1edbabbd5c837ca7c8,1
0xc3e902e0508bb2F03D94471bD0143A7708eebdb4,1
0x08f0fD004C1142C00EC2720D80fA9C7BeF5C43c7,1
0xc4539dC3F42013a573C8bcAD8B63dA329F686C9d,1
0x6316b3d03d36c3b7b14b3e4db916492f32d1aefb,1
0x77d70614f554a486938f46da03a95b40607eb9ad,1
0xa78EeA2874982946d922Ac2eaF3CFB50eB95E404,1
0x31b3505945e5e4386c7cf955c552fdb2048a5563,3
0x4d0154ef1da5ef9a67c1b0b2be0b2894262d20a4,1
0xa5a513135692620894c2503246aae7e1425018df,1
0xBb40F8E11622370DA914D4DE95F0fCF025376dD5,1
0xfa59d091980501d5ba81555a8c4e057670a274b8,1
0x8a3efc791ead69b9a3d1ff849ddc8127ee9dad14,1
0x3100D0F18A03763DA300a3B474eD70418e684C49,1
0x2c99f66de10209d492fbba9ae40722757ca24d07,1
0x685E5f4a8646c8b42438C13585AE4C30CbE60717,1
0x2BeCD02F7a111B144FF040384A34bd3afd304BfD,1
0xe1ef7f5e9957a2cb1b50989cbe4ea49342e32f86,1
0xa2A633241988c5b40B2C9dAa9c606B5792bbcBE0,1
0xa38A58cdc5c8c033A648040b5aE368755DC73FB7,1
0x44555DBd6431280783D7d799490Bc58703F9D7c2,1
0x3C0978b1D47d6B8154c15c9Ee0cAcE4433106e6d,1
0x42339804d92acdce8ccbbfdc3f0ee253f581af92,1
0x9f974e6f3fa1419da7f5d9e2829194cac8e184fd,1
0x86a8C74641c1A2214E3cfb808c7BD81215580f81,1
0x190ba43058F2E2E818382456024ab51CD56B69B6,1
0x7cC37EA8F21a9DC2AbF39718e979cc2AD95E20D8,1
0x0FfAB8e28d5e18E27DdE1c12170F5Ae5EaF68A39,1
0xF2fCdeeEed242876aC80109c51d7125858315e67,1
0x91a8dcFF93d230DC542d1A863A8e65FbE0050E77,1
0x009A7b91325fe1e7212C3A02cA504EaAECAA40A0,1
0xb79918faFf02D284BAEE7FF4768282f7F5e597C2,1
0x3e993D95469DFfD90813024F396a22402D71Dbe7,1
0x8406916b29C51Fb7f11f39d65E573C3876E9C17e,1
0x9FDebec88c6b79E8EcA094a058F4723acc1f1112,1
0x5065ecc095586679a803d20b5cfdae443316a025,1
0xd08A0E5c4faf114880A732C1E951D8fE56839118,1
0x7F9838Ba07041aeD25d5c6c3AB6A6CA7167418b9,1
0x1454ede52f18bc8400bedc8c10f3b7a4ea97d9dc,1
0xeFdfAE795471db9B80A0a96E7E2526dcdd2CfC64,1
0x0738698f1e5ae4a226a71cb636e1a2832fb08aae,1
0x7Fb202f19983d514F650113c680359DBD6976E5B,1
0xc4db16041D1c26a8Cef0d8F9dA68A376735B727e,1
0xdf110730d91476E933Aa090e3b508dB86FbddFDd,1
0x26fb5a72c214c1b3cf79d92053e793fc3d1807ba,1
0xe62fcf47f7a4b8c77fd3303cb81431e0c9768cf2,1
0xB8B76dBeEB5Ae43c4F481375D798607f0c8C9F6F,1
0xbDA5d48A19ecE504D0675b3c84429b8eA49F5e71,1
0x81BBaFAF3275305084B1d86c4E47323e8444c6ff,1
0x9398eaff0ce1286e9bac28603177b78b57f8ac87,1
0xe51d4ac134bc098e42df39debbaf76432cd074ba,1
0xc19A1828F48B575581CEFFff2963c79C509cbE06,1
0x728840FF303D280C5ef70c3EF43b10D228Ebf4E6,1
0x25FA68A4c340202737EDBC67fD1a2Ec8DE872dB6,1
0xdB77D93a976081Cd2c97914B72D27f9B053C843F,1
0x2f09a16eeF0f825F351be5a958ef1d8f0702aE21,1
0xb4ea376405cfde11862803d0aa5e816cc09f500c,1
0x928E8b34e4585f259cD645C5b7E45Cec5aDdB845,1
0x87cfdc4bfae569088bc1bcc0dd3c19f53da54193,1
0xf6C7C6b9acDE38C605fd2bdb8f56f85FFD421451,1
0x6ccaC2218724B13CB29eF483e2A07646d0fc2293,1
0x4a9EFe9491df6ba3f6352Ab0a474AfB09614A3EC,1
0xA39d1e017e12571C1c782F35E2ABe9cEbf298279,1
0xCC858669bE471573ab3F82737B242a12bAD21FA7,1
0xfBFd52839AbD8012d19C64f62815cfcF243aCE86,1
0x811ebe95C8FA577882d1C81D45e86f69E4a53FB2,1
0x1831eaa26CD7007ba30ade713b2091dB01798c1c,1
0x90e42Fa8351e93fBAd25dAB071255156c430DB33,1
0xFec09bc475a63473A24ba691BC8bA2DEE2E082EB,1
0xcbef46a7cbe1f46a94ab77501eaa32596ab3c538,1
0xf11535E93CEf33733e19e98fe615AE6BD030c9e5,1
0xBa52CDFEEa455A36AB58Adee927f0518eDc8e836,1
0x3b2c439a9997d0f06443f4ba44a3e4959c8854a8,1
0x5e0CF754548e054AcF3e759282Ac6EC75acCF3C5,1
0x82e48c98CDD1bE107588e527AB330dAD01bd117F,1
0x60073d35ee9f3e3a12ce4b56c408c4fb33033d46,1
0x6c47c8Af5bC041e5EDB22a550Ee777f2774778D8,1
0xe7ff066a3fe63a04146fecb849948ae8e5ce1697,1
0x8b5d3d49b8750b0135ab8b7cde46e1e077e22dae,1
0xa1c2750fe6386c0adf1da94ccbfba2c5a3d09b00,1
0x0f2797eaf9a91ce4951f399ef68378ff5e742e05,1
0xc7581e77dfdb552296a3aa88445fd60c48020e8d,1
0xc71a142617bd6e362141f002053bbe11a7c0495b,1
0x577df979f8aadcd54b931329345ad0baba9fcead,1
0x22d8587448b70d3351c5d236e382eda0964b17d7,1
0xc0c358d78801b47ddb08eecacf11aa1bd79d8e06,1
0x249446600be691228c6ccbdb34e545681d23399c,1
0xa8a1e9fcf8b067cb6d9b440b22faa486d94bf3fd,1
0xd48b1c469fb95673e9751a7e9b710c1ccc8f09a8,1
0xf9bbe587159d3dd2379cb0024edfffaba2570863,1
0x06cb95c96d87dc61a04377f3ed519006baa5ad8f,1
0xe9b71f2246d6f559bf4a0ebb7d2694da6fa56bfa,1
0x6a3a945160764406bd2fdbfc64a696336be76c33,1
0xa2b9372935e7da880c3f277f53e3eb399134b342,1
0x9985109b323ff1609ca76b7d63ff5800c19be28c,1
0x09ebf0b4ea9a478adef8053c2b923ff8a5224de5,1
0x9054fc07c56286858816a2a4bbdad2b260a2ff7b,1
0x464973d23176866252010071d4d21307df2d39f4,1
0xc557570b47bf25ded6c31afc6e5aaa3effcd316d,1
0x2d563dfb3b0f01be93bfd5ac5f28ce9782567c49,1
0x3716b329f7599c29eabe3bd07084b07ab9a1d7bd,1
0x1945a0cffef7d56e293a7ba5f39c7ea56a2cbed2,1
0x6358795c3EeD4F71Ac4d6180956AE036f0D1f781,1
0xDc45dCFBe180bDBbE74Ced3eaE8c480C59a73adE,1
0xdAb8ff1149e1BCA2729Fb62130c1EE8Cb4D2Ea08,1
0x835B5dB6Dca2dDb686EF47937A030ED92F8328d2,1
0xeA7c0F8f159e8b0E7bcd8a2C69B13ec07Ee76E93,1
0x7c3e70579bE49d3Cb66B7870257bb8dc1DF55478,1
0x38A76621DBC0A2E3A669F1e72Eae918A171a7D3C,1
0x418556584833d657C059587891095EFd76F3A453,1
0xC4C21F3d37aBa13358C206fBde0AbfF213B01a64,1
0xd56B98c65B9dAD059FBB8ccE5533F5971D7f49D5,1
0x44447e182D13f097C80c34508444C5f29642a73B,1
0x020D736bE732af10513F162d6D09ed7c7ba6AC8B,1
0x39d6fD94250D48289234C365e05fB1f65ccF6c57,1
0xAe3FFAad726735A7E8A980d2F3Fb97BE398D0d3b,1
0x441093d7Bf9337e2871c258918aB439CEf0D7171,1
0x44b5499C30fcBEc109bAda0fA0C4a55682EE38E4,1
0x80E9e70016E5D5c61b46B2E7b28A044930bff90B,1
0xF4C1821100075E0Be01c3082416F8c83D4F31682,1
0xeBD40BBFEA408AA2eb14608eaeAc2CEfFb05f7C9,1
0x118bd169e6D661aa3DA4532667F6e8ceCFC5C2f7,1
0xfd9e3e4433f0fadd1f5fdb2b190dec2b7ef7a5c4,1
0x51DDCf506ecAf5D84555CDAcd38E7EA29c4FD5f3,1
0xd20c9018a5097e922e9c0539aef389c871e76C3F,1
0x0b7903cFBd564B9F3B34573E9d0f5f6515A997C5,1
0x1c7d1997b7cf4628de995b2a949b658f62a36e10,1
0xed6aaa21e483e410a6af2832ab3c7685e8ef542b,1
0x55c9d1ae8bf2e8164db55499d7ac3bb736dad0f8,1
0xdaaac82aca630425e1e4f8fafc846218cad26f10,1
0x71e4ca305bc6fe8fc44e1624a138ca3d7a0713cf,1
0xa2e6efd97ab4bcd9dd147457ced896e0139d76f7,1
0x0fdd53Df9442AbB5B9d46CfA55418dE7a64A5093,1
0xa0860FE72747867CEacf72c99296281dD6EF003E,1
0x0252d1D9d1BBfee7272cd439eBc9BfDA996b1c03,1
0xfb0cadf96902E846c8a2984D92271F30D2933ECC,1
0x6333b17d146313A751f5Fa2926c9798A1bbE7F97,1
0xcADd8D5961Dd5C7B97483F25365019Bb8045Dc83,1
0x06a63F58ae6b5026651d9501df0A77b175505D70,1
0x9C9AC2DC01ff6D9BC9B1DD42E18051eEBCa1fbf2,1
0xAc4a7e097E3a031265f3dA65d14a54940eEE9B8A,1
0xb9132B2AA56b69a52Cb96bb839aDe623F44868Cb,1
0x9d59e0EbAa3f0e597771336d4Bdefa4c3a9C4487,1
0x4724A76090224ee264894eC6b4aA5d3884865EcF,1
0x13A91Ebd6feC48277dBdb757f54fC2a4919f972c,1
0x540070AD2cdCe0825EA217175c584dA9f3CFBd53,1
0xaA41A46a3240bEFa961f9C354722D9f9aA8cf00e,1
0x11f53fdAb3054a5cA63778659263aF0838b642b1,1
0x0cB94A83db85724e4ef5319Ff71Bc0702a80a5fC,1
0xae1de29073cacca20213e53df864e9e7585c9358,1
0x49f65916e05Fd9C28c49664d19F8647B915A82A2,1
0xAeadEaa272cA6d1106A5CbCcC6900F1c9560464d,1
0xC0896ae7C8f4d77E075C9902f26699370A9C0923,1
0x7b224269dbfabf97774e1a15dff5bd16bf5bf9ef,1
0xcaf583cfead97d1aa38cd86f334b90470aff19e8,1
0xF837e1117b57DBb7dD8b2B9c4EE50CA47e547E6d,1
0x57a22ff552ddc9dea8f0b3f3daa1f335a445904a,1
0x1440c491e3218111378407088ae9ccc7a375a9e7,1
0x76967a504ae924cec3da32efb1de2dfcc98f9102,1
0xc82b7caa4633adf016b83b4a7d699ae8982b688b,1
0xc346581655C214B28EA750490Eef768C49402032,1
0x1dd2c33925cd4c0d6a00fc0e1cfd4378b18ba952,1
0xb8a5c923d175debc335e6fb7c4de560f89fa8653,1
0x3e71f617af4898399a2c28fc96e06e8f2db6d66c,1
0xd60e80e09a29d378009b0a68abff6c579755c424,1
0xf24fee51a0d7e1d454faca7d2ac576039e6f5ee0,1
0x5fdcb9f4c11d309a58bba846c99226309e39cdae,1
0x461f5d78c457ad1034fa0ad56b6d33c57a395412,1
0xf5138507f84c67321f97f35bb7d517098aef2b69,1
0x1158da30a1db7c22ecd3bca853d3b07bba040de4,1
0x4951ef10c03bbb9dfcc14da7d9ab471373cae41f,1
0x8da7061656af63451804bd74ec503acfaf7e79d3,1
0x2e1b0e34f4848515723b2d8eb1abf3ff8a591d98,1
0xbc38f323935d72566945aa6d8837a7834045e62e,1
0xbefb1b61d942bb74201a372234430ae7ed1f5098,1
0xb1146d8618f9c4f5ef3d192713377bacca532c95,1
0xC925afA983dfa177203870f9436c620150f73e15,1
0x4f51E62A085adcFF4c6E8Ffa0a3706125DB76999,1
0xDf6f2d7c7A193B381E656C192Cfe87F745FDbc08,1
0xC0bDd9C50D0BdD1f434FBA0E5935505260cA2df9,1
0x793B066577E4E75dAE1011807877369a70eC077b,1
0xa61a577672b71387eccb4e954af23150f901c2c3,1
0x4f8C323E77A9cbD42B271F7f943ff0C417553E7A,1
0x03B1Da31BFBd782ab647611Fa37FD8b5e24bBcDB,1
0x179E3700d1838d49eF7d0EC07712fB8d83605A59,1
0x82e48c98CDD1bE107588e527AB330dAD01bd117F,1
0x5507371b3C57b2f028B402bf814712503fA9B766,1
0xFD9e3E4433F0FadD1f5FdB2B190DEc2b7EF7a5C4,1
0xbb4d195b7a218b3a997301ecb64a8f37ac8981e8,1
0x9794E8D3CE428c23e78e55c12CC31162659978fF,1
0xf7584b9e44e58db83876fbf152223e6df2b44284,1
0xD4f06B23CD1f2e4EB0DA3D806206c4AaD6d2234D,1
0x9314D918411C39d33FaF6cDA898474926b7bc882,1
0x642c3c9873652A0f362dE47b1294aa2c8203c1F5,1
0x5c618ba66f2b366c16d93E2ccFf5ef9718367cb9,1
0x2719ebb502ca48D73017F27331165B60f8fcB142,1
0xef1f4b830a2edca48f7b50df2098f8f6f033f79c,1
0x04273158EA8BFA4a1a9F7D291912668cee5D364c,1
0xD7CaE93d1923b36c7e4F3F501C31EE60b587C15f,1
0x644DfaF0F86325173b41b4D59C2aeE567dE03710,1
0x9E7CfA2eaDCa5A46bC44aDf2D3e4Dc8BF5539874,1
0x61ba60ddef7eaceaeee5f01cc131fad0122f6669,1
0x2b23dff9a4421009a9896bb3d06022cb169f3802,1
0xf1fa3cfdb587fdf87c3f34bf11f0dd9e3373fc83,1
0xc2f5984a9e01804d6606d07804263a91fe368d05,1
0xc3cfbe270b7c273a1f46a914ba7a7c8ce61e7690,1
0xf3583eed98b2094d100b14515b60a5b181c67663,1
0x4fd625e02ae8c515ed734ff68aff3585d8522050,1
0x8809f95729c84febddc5c00331598bf4edf89252,1
0xfa59d091980501d5ba81555a8c4e057670a274b8,1
0xEf50d91c373AD65D5D04A4042D7F71248dc7C6c8,1
0xd74ffcd4c18e4d72b003bdfc3bd2587285fa1161,1
0x749c8e178eaa24560ee401de9f3652e4b5be2cf6,1
0xa0e021c35d44ea61efb08c9e679722b2913696c3,1
0x065C7f05D30F60781AcCb90Ba1e2A96bC6634c22,1
0xcdF7d9CD29Eb7C26Df5a492dA0fb9ad1d15AeF28,1
0x418afCbE395d68E1BD264838634628B839dbE814,1
0x0AEa800822606022d202a982ddccb35393aD3545,1
0x82e48c98CDD1bE107588e527AB330dAD01bd117F,1
0xaf790cA257ad44d788e2b1C52BB9b9FD0FeC413D,1
0xf32613c70A5519d1AB749f943F74E0AFc8cD275d,1
0x2e63A76A0025BF1D92CECdA73c5Efd342849fd0d,1
0x813F0A1bF690772a607fD00e699f57A4c0c2c7be,1
0xE759f49e72b099A28DFc87c5dC1BE535c7773F26,1
0xbbb38bd7c509834076d3412fb599d95871be545e,1
0x9737d52939b59773b824f57917512506f92d594b,1
0xec2279908965cba5f9a426467e25dcf688df5aa3,1
0xCC68Bc11157C5FA4A7fE3f844D23d4F5bD3E95B2,1
0x4A05129f0e2Ef7868526b4C3Ab5aeA5c56164A7f,1
0x7a4e700a05a174818e5b6c29b1abdde7563c972b,1
0xF5Ed31A1D4771601904ca05C1B635C65Fe7c34f4,1
0xb4c0c6a7a30552d971fca80446ac6d06ca972c01,1
0xa1e9bef531d48c28c4d7f912d2d30b7e2126061a,1
0xf43de374eb63acd495be50bea2c3928a09402464,1
0x5659dBE4c8F3c79999031018B9bA12D1Fe682BaE,1
0x1E8a3bF601D7AAC851031E7c5219eF163c678276,1
0x74e2c2184037485796361dEc15BEC4d6F0e459cf,1
0xE1ac682F5BE6CB70cbb4e9c94A9F4A78EF068e68,1
0xB1cb92347cd1a21118987805d9964ffc64BD89E3,1
0x8ea2941afe557d95363562bcdbe33d7f6f1afd61,1
0x14D28a0b2AD548760518479719945Ef73c0b5586,1
0xcE2b9a598D126cCD76C0ec34Fa4848cCb8FB6eCf,1
0xDf5A3A649910b5057945A1eE3031cF272ED37699,1
0x9CC68C297f4B8d5e0010A352EFa6525ee8F9E51f,1
0X25E827A3F92A2Aa06805126370670617F0B74Eb8,1
0x8b451233ef260036e66d9315a4108306b6f0d4d9,1
0xa9747f0ab52d92dcd12d86e82db60c46db926687,1
0x3e21A68ffafAA6C6e7DF7b7F06B075231DebA27b,1
0xad515044f205dd882719fab23110827055jcb2e26,1
0xcab1ee41b663b712fd58fbaae2a1f04591107faa,1
0xe568B6969965d371212026817115b4824f9A2B39,1
0x6aF13e34d8C1171f6578f1e243C88542bC29b1FA,1
0xC252829B8C5204464252F3663959Fbbd215662B4,1
0xac7000ee47b9ae088012613ef4fb105884924e7b,1
0x92e82fe0283b80405ec434ae88cff5f7910372fa,1
0x4d2052aFe9323F08091114541403C6CAb368ecfe,1
0x141708A312af3916cBC5678Abb09bB26955704C2,1
0x3cF932a780D6E99812b3e21208BDAef72678D84D,1
0x1Df11712f583aBaF363Bd2CcA4a0F31d2cFc6257,1
0xfb179aa8dfefe7f85fae0b1999203dc9d9730ed1,1
0x010E1f4890d3905053cE0cBeC8792345Ea54808d,1
0xEE316D9A9f073A6D2A98a56c2d185B2932C94046,1
0x4C8E82E289BcB30Bf70354A2C82a78d957DFA415,1
0x67928372E025316f5B21F8fEa5029027EB7D7415,1
0x4A50a82259Dd6a791877Af5bC4bc5FD82388E5D6,1
0xe9B71f2246D6F559bF4a0Ebb7D2694da6fa56bFa,1
0xF0458F042B003502D64abe2a68CC63Fc5CD816E0,1
0x9e38b7C448A4A8d09d7f3eA59A1e393d61AD2e08,1
0xeb407d38407bdd86830453c3a502b4ef1ce54189,1
0x89b51CD9114d9E1bEdf7e2243D609C32AAE23485,1
0x9Cbf45642acf39B23a0AeD84c319C46B169a05F7,1
0x13531bdb0d511b834153ee7a7c969af79906196d,1
0x1Bf790D329eF0CF16078581E66e5b262a2BA2e47,1
0x9a062F006D82F647c39845Cb0C211A48dc394c2f,1
0x06b371117958f43815974FB38a9e1bEB9bE0852E,1
0xE620D6272da069553e7B398Ea5880D1c0DbCbabb,1
0x5F7a49b8F0FDf0C6dF74c32d514CeFFC32e2f686,1
0xf1F0EB8167Ca4BB4549d44ea907b10640e8CcFDe,1
0x892121A31B84E068399D156fCeAC89435fF13dCe,1
0x1c54801B421FD1F87fCa1971828794213ADF4283,1
0x18f3AF2eb1DA387a527b184829efCc64c8837Fcb,1
0xaCB3491FdDFc8aB02EB49109EeF89076052D9B54,1
0xBD0EA5E8aA23f54ec94eF52907062947202050df,1
0x25b683B0069F51af0529AcA7371073f164Ad52aF,1
0xd96AD7Cf2DE28E3984b7a52e02B6148E8b7e88d7,1
0xf3c5d747d1068775beaf9f0ae770a20b9be191d1,1
0x010E1f4890d3905053cE0cBeC8792345Ea54808d,1
0xEE316D9A9f073A6D2A98a56c2d185B2932C94046,1
0x4C8E82E289BcB30Bf70354A2C82a78d957DFA415,1
0x67928372E025316f5B21F8fEa5029027EB7D7415,1
0x4A50a82259Dd6a791877Af5bC4bc5FD82388E5D6,1
0xe9B71f2246D6F559bF4a0Ebb7D2694da6fa56bFa,1
0xF0458F042B003502D64abe2a68CC63Fc5CD816E0,1
0x9e38b7C448A4A8d09d7f3eA59A1e393d61AD2e08,1
0xeb407d38407bdd86830453c3a502b4ef1ce54189,1
0x89b51CD9114d9E1bEdf7e2243D609C32AAE23485,1
